image_path,L*,a*,b*,position_score
/Users/rishimanimaran/Documents/College/junior-year/fall-2024/cs-3311/JDA-4307-Color-Verification/Images/Walnut/3062 - Graphite Walnut/IMG_0969.jpg,143.53321567342215,130.05293826635594,135.55377171123078,0.0
/Users/rishimanimaran/Documents/College/junior-year/fall-2024/cs-3311/JDA-4307-Color-Verification/Images/Walnut/3062 - Graphite Walnut/IMG_0955.jpg,142.53197231342384,129.71754485937893,134.69847855712501,0.0
/Users/rishimanimaran/Documents/College/junior-year/fall-2024/cs-3311/JDA-4307-Color-Verification/Images/Walnut/3062 - Graphite Walnut/IMG_1493.jpg,131.2460826778628,128.7792067396017,132.64471332514486,0.0
/Users/rishimanimaran/Documents/College/junior-year/fall-2024/cs-3311/JDA-4307-Color-Verification/Images/Walnut/3062 - Graphite Walnut/IMG_1487.jpg,141.26876653439155,129.1745064779384,132.03774352140547,0.0
/Users/rishimanimaran/Documents/College/junior-year/fall-2024/cs-3311/JDA-4307-Color-Verification/Images/Walnut/3062 - Graphite Walnut/IMG_1478.jpg,140.4358622258703,129.2896922175506,133.0131017009427,0.0
/Users/rishimanimaran/Documents/College/junior-year/fall-2024/cs-3311/JDA-4307-Color-Verification/Images/Walnut/3062 - Graphite Walnut/IMG_1450.jpg,138.05755518353175,129.71003212724133,133.66013755039052,0.0
/Users/rishimanimaran/Documents/College/junior-year/fall-2024/cs-3311/JDA-4307-Color-Verification/Images/Walnut/3062 - Graphite Walnut/IMG_1336.jpg,118.43345186261233,134.13769908522823,145.92026945809187,0.0
/Users/rishimanimaran/Documents/College/junior-year/fall-2024/cs-3311/JDA-4307-Color-Verification/Images/Walnut/3062 - Graphite Walnut/IMG_1322.jpg,115.07239028906315,129.3534849510792,135.04750192901236,0.0
/Users/rishimanimaran/Documents/College/junior-year/fall-2024/cs-3311/JDA-4307-Color-Verification/Images/Walnut/3062 - Graphite Walnut/IMG_0982.jpg,142.5234266739103,130.05662766649868,135.45166372393865,0.0
/Users/rishimanimaran/Documents/College/junior-year/fall-2024/cs-3311/JDA-4307-Color-Verification/Images/Walnut/3062 - Graphite Walnut/IMG_1444.jpg,134.30198023943373,130.04782753186151,135.153586781935,0.0
/Users/rishimanimaran/Documents/College/junior-year/fall-2024/cs-3311/JDA-4307-Color-Verification/Images/Walnut/3062 - Graphite Walnut/IMG_1281.jpg,145.8097199093758,130.12356906979613,134.90851954207608,0.0
/Users/rishimanimaran/Documents/College/junior-year/fall-2024/cs-3311/JDA-4307-Color-Verification/Images/Walnut/3062 - Graphite Walnut/IMG_1295.jpg,123.65497949276161,129.1885762117347,132.65272930642163,0.0
/Users/rishimanimaran/Documents/College/junior-year/fall-2024/cs-3311/JDA-4307-Color-Verification/Images/Walnut/3062 - Graphite Walnut/IMG_1518.jpg,124.2792344609526,129.12986599925463,136.97722863257957,0.0
/Users/rishimanimaran/Documents/College/junior-year/fall-2024/cs-3311/JDA-4307-Color-Verification/Images/Walnut/3062 - Graphite Walnut/IMG_1524.jpg,128.54441247467352,127.8536245420236,133.61164421401276,0.0
/Users/rishimanimaran/Documents/College/junior-year/fall-2024/cs-3311/JDA-4307-Color-Verification/Images/Walnut/3062 - Graphite Walnut/IMG_1242.jpg,117.82997142240384,132.29050138573947,142.5672784063471,0.0
/Users/rishimanimaran/Documents/College/junior-year/fall-2024/cs-3311/JDA-4307-Color-Verification/Images/Walnut/3062 - Graphite Walnut/IMG_1256.jpg,130.23678060633975,129.93508725828295,137.09343358292392,0.0
/Users/rishimanimaran/Documents/College/junior-year/fall-2024/cs-3311/JDA-4307-Color-Verification/Images/Walnut/3062 - Graphite Walnut/IMG_1530.jpg,117.66256407076719,127.35579492695999,133.86242320037582,0.0
/Users/rishimanimaran/Documents/College/junior-year/fall-2024/cs-3311/JDA-4307-Color-Verification/Images/Walnut/3062 - Graphite Walnut/IMG_1257.jpg,130.46557639741854,129.41124656845764,134.35735175146448,0.0
/Users/rishimanimaran/Documents/College/junior-year/fall-2024/cs-3311/JDA-4307-Color-Verification/Images/Walnut/3062 - Graphite Walnut/IMG_1531.jpg,120.27802809009407,127.5869650763469,133.47948480607522,0.0
/Users/rishimanimaran/Documents/College/junior-year/fall-2024/cs-3311/JDA-4307-Color-Verification/Images/Walnut/3062 - Graphite Walnut/IMG_1525.jpg,125.99055226836104,128.7060751094419,134.936150675548,0.0
/Users/rishimanimaran/Documents/College/junior-year/fall-2024/cs-3311/JDA-4307-Color-Verification/Images/Walnut/3062 - Graphite Walnut/IMG_1243.jpg,115.98850105242714,131.99633889531893,142.01315804581864,0.0
/Users/rishimanimaran/Documents/College/junior-year/fall-2024/cs-3311/JDA-4307-Color-Verification/Images/Walnut/3062 - Graphite Walnut/IMG_1519.jpg,120.91843574814185,128.65157394941002,136.61941603416057,0.0
/Users/rishimanimaran/Documents/College/junior-year/fall-2024/cs-3311/JDA-4307-Color-Verification/Images/Walnut/3062 - Graphite Walnut/IMG_1294.jpg,142.97583477353132,130.08747119604016,135.0927515392731,0.0
/Users/rishimanimaran/Documents/College/junior-year/fall-2024/cs-3311/JDA-4307-Color-Verification/Images/Walnut/3062 - Graphite Walnut/IMG_1280.jpg,148.42565601182602,130.46532690526055,136.00144429878432,0.0
/Users/rishimanimaran/Documents/College/junior-year/fall-2024/cs-3311/JDA-4307-Color-Verification/Images/Walnut/3062 - Graphite Walnut/IMG_1323.jpg,100.53754045020786,131.62645127012996,138.1170989229025,0.0
/Users/rishimanimaran/Documents/College/junior-year/fall-2024/cs-3311/JDA-4307-Color-Verification/Images/Walnut/3062 - Graphite Walnut/IMG_1445.jpg,139.65653205244288,129.34512228888468,132.75643857079868,0.0
/Users/rishimanimaran/Documents/College/junior-year/fall-2024/cs-3311/JDA-4307-Color-Verification/Images/Walnut/3062 - Graphite Walnut/IMG_0983.jpg,141.37862977463362,129.65515312027588,134.04813369695873,0.0
/Users/rishimanimaran/Documents/College/junior-year/fall-2024/cs-3311/JDA-4307-Color-Verification/Images/Walnut/3062 - Graphite Walnut/IMG_1451.jpg,134.07927149930188,129.52255706005397,133.20043520880574,0.0
/Users/rishimanimaran/Documents/College/junior-year/fall-2024/cs-3311/JDA-4307-Color-Verification/Images/Walnut/3062 - Graphite Walnut/IMG_1337.jpg,120.21677374653565,134.05332751348996,145.61972654609684,0.0
/Users/rishimanimaran/Documents/College/junior-year/fall-2024/cs-3311/JDA-4307-Color-Verification/Images/Walnut/3062 - Graphite Walnut/IMG_1479.jpg,130.1020465574347,129.4211477656263,133.0885634008619,0.0
/Users/rishimanimaran/Documents/College/junior-year/fall-2024/cs-3311/JDA-4307-Color-Verification/Images/Walnut/3062 - Graphite Walnut/IMG_1486.jpg,146.0691017002866,129.4938849816547,133.2018401399912,0.0
/Users/rishimanimaran/Documents/College/junior-year/fall-2024/cs-3311/JDA-4307-Color-Verification/Images/Walnut/3062 - Graphite Walnut/IMG_1492.jpg,137.2098073218485,129.36986359455048,132.96787054424394,0.0
/Users/rishimanimaran/Documents/College/junior-year/fall-2024/cs-3311/JDA-4307-Color-Verification/Images/Walnut/3062 - Graphite Walnut/IMG_0968.jpg,141.53661613179221,129.368560609043,133.9543075042517,0.0
/Users/rishimanimaran/Documents/College/junior-year/fall-2024/cs-3311/JDA-4307-Color-Verification/Images/Walnut/3062 - Graphite Walnut/IMG_1484.jpg,142.11822631251576,129.46299855783363,133.1252267737728,0.0
/Users/rishimanimaran/Documents/College/junior-year/fall-2024/cs-3311/JDA-4307-Color-Verification/Images/Walnut/3062 - Graphite Walnut/IMG_0956.jpg,145.05332915380657,129.8836095298459,135.3930793237434,0.0
/Users/rishimanimaran/Documents/College/junior-year/fall-2024/cs-3311/JDA-4307-Color-Verification/Images/Walnut/3062 - Graphite Walnut/IMG_1490.jpg,140.81728882235765,129.3098809064521,133.0122726029069,0.0
/Users/rishimanimaran/Documents/College/junior-year/fall-2024/cs-3311/JDA-4307-Color-Verification/Images/Walnut/3062 - Graphite Walnut/IMG_1309.jpg,120.74241451982027,134.79712760875955,147.40126310941042,0.0
/Users/rishimanimaran/Documents/College/junior-year/fall-2024/cs-3311/JDA-4307-Color-Verification/Images/Walnut/3062 - Graphite Walnut/IMG_0981.jpg,139.7776303133136,129.6211611670131,133.6380257542832,0.0
/Users/rishimanimaran/Documents/College/junior-year/fall-2024/cs-3311/JDA-4307-Color-Verification/Images/Walnut/3062 - Graphite Walnut/IMG_1447.jpg,138.20236996225958,129.69765462608655,133.60865621325692,0.0
/Users/rishimanimaran/Documents/College/junior-year/fall-2024/cs-3311/JDA-4307-Color-Verification/Images/Walnut/3062 - Graphite Walnut/IMG_1321.jpg,112.3126337678204,127.7511410042412,132.58900981303015,0.0
/Users/rishimanimaran/Documents/College/junior-year/fall-2024/cs-3311/JDA-4307-Color-Verification/Images/Walnut/3062 - Graphite Walnut/IMG_1335.jpg,120.80313149565382,134.08435484050872,145.74240492396805,0.0
/Users/rishimanimaran/Documents/College/junior-year/fall-2024/cs-3311/JDA-4307-Color-Verification/Images/Walnut/3062 - Graphite Walnut/IMG_1453.jpg,133.11551823179119,129.4309678491381,133.27609325462439,0.0
/Users/rishimanimaran/Documents/College/junior-year/fall-2024/cs-3311/JDA-4307-Color-Verification/Images/Walnut/3062 - Graphite Walnut/IMG_1296.jpg,140.0946276514078,129.50597837997083,133.10412328029204,0.0
/Users/rishimanimaran/Documents/College/junior-year/fall-2024/cs-3311/JDA-4307-Color-Verification/Images/Walnut/3062 - Graphite Walnut/IMG_1282.jpg,148.59708730618019,129.86787348041068,134.13938065581172,0.0
/Users/rishimanimaran/Documents/College/junior-year/fall-2024/cs-3311/JDA-4307-Color-Verification/Images/Walnut/3062 - Graphite Walnut/IMG_1269.jpg,120.33060802928425,126.64676454107878,130.5707933588173,0.0
/Users/rishimanimaran/Documents/College/junior-year/fall-2024/cs-3311/JDA-4307-Color-Verification/Images/Walnut/3062 - Graphite Walnut/IMG_1533.jpg,125.58396969416624,128.91336323302468,135.31437266746977,0.0
/Users/rishimanimaran/Documents/College/junior-year/fall-2024/cs-3311/JDA-4307-Color-Verification/Images/Walnut/3062 - Graphite Walnut/IMG_1255.jpg,129.1023524764844,129.4616502175716,136.46275062397643,0.0
/Users/rishimanimaran/Documents/College/junior-year/fall-2024/cs-3311/JDA-4307-Color-Verification/Images/Walnut/3062 - Graphite Walnut/IMG_1241.jpg,109.68257535942618,131.83231978169354,140.55889122141912,0.0
/Users/rishimanimaran/Documents/College/junior-year/fall-2024/cs-3311/JDA-4307-Color-Verification/Images/Walnut/3062 - Graphite Walnut/IMG_1527.jpg,118.27957777922126,127.68476764258945,133.68593563003904,0.0
/Users/rishimanimaran/Documents/College/junior-year/fall-2024/cs-3311/JDA-4307-Color-Verification/Images/Walnut/3062 - Graphite Walnut/IMG_1240.jpg,121.32607772082598,129.26088366480852,137.32653290868816,0.0
/Users/rishimanimaran/Documents/College/junior-year/fall-2024/cs-3311/JDA-4307-Color-Verification/Images/Walnut/3062 - Graphite Walnut/IMG_1526.jpg,120.05804883681868,128.28147693780446,134.11023378776665,0.0
/Users/rishimanimaran/Documents/College/junior-year/fall-2024/cs-3311/JDA-4307-Color-Verification/Images/Walnut/3062 - Graphite Walnut/IMG_1532.jpg,128.11607913805955,128.26886282097715,134.5507545128391,0.0
/Users/rishimanimaran/Documents/College/junior-year/fall-2024/cs-3311/JDA-4307-Color-Verification/Images/Walnut/3062 - Graphite Walnut/IMG_1254.jpg,144.07308160050286,128.73719404814395,135.80145656835265,0.0
/Users/rishimanimaran/Documents/College/junior-year/fall-2024/cs-3311/JDA-4307-Color-Verification/Images/Walnut/3062 - Graphite Walnut/IMG_1268.jpg,115.30239696187117,126.82755589214852,131.27372635975686,0.0
/Users/rishimanimaran/Documents/College/junior-year/fall-2024/cs-3311/JDA-4307-Color-Verification/Images/Walnut/3062 - Graphite Walnut/IMG_1283.jpg,147.86933803710528,130.2537949545173,135.79900609935333,0.0
/Users/rishimanimaran/Documents/College/junior-year/fall-2024/cs-3311/JDA-4307-Color-Verification/Images/Walnut/3062 - Graphite Walnut/IMG_1297.jpg,139.2391871968695,129.26883797018036,132.7643386637062,0.0
/Users/rishimanimaran/Documents/College/junior-year/fall-2024/cs-3311/JDA-4307-Color-Verification/Images/Walnut/3062 - Graphite Walnut/IMG_1334.jpg,120.91614053511064,133.91095656047912,145.72689556628978,0.0
/Users/rishimanimaran/Documents/College/junior-year/fall-2024/cs-3311/JDA-4307-Color-Verification/Images/Walnut/3062 - Graphite Walnut/IMG_1452.jpg,139.57906826407262,129.8095962295026,134.70790717907533,0.0
/Users/rishimanimaran/Documents/College/junior-year/fall-2024/cs-3311/JDA-4307-Color-Verification/Images/Walnut/3062 - Graphite Walnut/IMG_1446.jpg,134.8208505238515,129.62668936208743,133.21289554594986,0.0
/Users/rishimanimaran/Documents/College/junior-year/fall-2024/cs-3311/JDA-4307-Color-Verification/Images/Walnut/3062 - Graphite Walnut/IMG_0980.jpg,145.69845879130975,129.94709150539074,135.31481784940055,0.0
/Users/rishimanimaran/Documents/College/junior-year/fall-2024/cs-3311/JDA-4307-Color-Verification/Images/Walnut/3062 - Graphite Walnut/IMG_1320.jpg,103.07764200877111,126.30684139975435,130.73859815917106,0.0
/Users/rishimanimaran/Documents/College/junior-year/fall-2024/cs-3311/JDA-4307-Color-Verification/Images/Walnut/3062 - Graphite Walnut/IMG_1308.jpg,124.00304541183758,134.39420064418513,146.25601184242987,0.0
/Users/rishimanimaran/Documents/College/junior-year/fall-2024/cs-3311/JDA-4307-Color-Verification/Images/Walnut/3062 - Graphite Walnut/IMG_1491.jpg,142.50459477290144,129.27802825412573,133.23877408312862,0.0
/Users/rishimanimaran/Documents/College/junior-year/fall-2024/cs-3311/JDA-4307-Color-Verification/Images/Walnut/3062 - Graphite Walnut/IMG_0957.jpg,143.63289279349857,129.56189948008523,134.5874129648001,0.0
/Users/rishimanimaran/Documents/College/junior-year/fall-2024/cs-3311/JDA-4307-Color-Verification/Images/Walnut/3062 - Graphite Walnut/IMG_1485.jpg,141.08550322617472,129.44081393166834,132.86386331635276,0.0
/Users/rishimanimaran/Documents/College/junior-year/fall-2024/cs-3311/JDA-4307-Color-Verification/Images/Walnut/3062 - Graphite Walnut/IMG_1481.jpg,140.5336322318279,129.4229691732017,133.24486851550034,0.0
/Users/rishimanimaran/Documents/College/junior-year/fall-2024/cs-3311/JDA-4307-Color-Verification/Images/Walnut/3062 - Graphite Walnut/IMG_1495.jpg,137.1802349556721,130.08151619058117,135.24003064767572,0.0
/Users/rishimanimaran/Documents/College/junior-year/fall-2024/cs-3311/JDA-4307-Color-Verification/Images/Walnut/3062 - Graphite Walnut/IMG_0953.jpg,142.47309806928172,130.0655143278376,135.54628374787416,0.0
/Users/rishimanimaran/Documents/College/junior-year/fall-2024/cs-3311/JDA-4307-Color-Verification/Images/Walnut/3062 - Graphite Walnut/IMG_1324.jpg,122.74688725316516,132.31759605366065,140.93516418913245,0.0
/Users/rishimanimaran/Documents/College/junior-year/fall-2024/cs-3311/JDA-4307-Color-Verification/Images/Walnut/3062 - Graphite Walnut/IMG_1442.jpg,136.71161093198853,129.79812902205634,133.96274135618754,0.0
/Users/rishimanimaran/Documents/College/junior-year/fall-2024/cs-3311/JDA-4307-Color-Verification/Images/Walnut/3062 - Graphite Walnut/IMG_1456.jpg,134.23371575675023,129.62887016303435,133.41365602954144,0.0
/Users/rishimanimaran/Documents/College/junior-year/fall-2024/cs-3311/JDA-4307-Color-Verification/Images/Walnut/3062 - Graphite Walnut/IMG_1330.jpg,122.55205438174498,133.94878111352565,145.58222136269632,0.0
/Users/rishimanimaran/Documents/College/junior-year/fall-2024/cs-3311/JDA-4307-Color-Verification/Images/Walnut/3062 - Graphite Walnut/IMG_1318.jpg,118.61152479896279,134.10328442237235,147.1156378108728,0.0
/Users/rishimanimaran/Documents/College/junior-year/fall-2024/cs-3311/JDA-4307-Color-Verification/Images/Walnut/3062 - Graphite Walnut/IMG_1293.jpg,141.38517160336357,130.21542581635276,135.8144224510792,0.0
/Users/rishimanimaran/Documents/College/junior-year/fall-2024/cs-3311/JDA-4307-Color-Verification/Images/Walnut/3062 - Graphite Walnut/IMG_1287.jpg,137.26307512781347,130.16638625454038,135.40019067040396,0.0
/Users/rishimanimaran/Documents/College/junior-year/fall-2024/cs-3311/JDA-4307-Color-Verification/Images/Walnut/3062 - Graphite Walnut/IMG_1250.jpg,117.49148946326216,128.62661439961786,136.54313073126627,0.0
/Users/rishimanimaran/Documents/College/junior-year/fall-2024/cs-3311/JDA-4307-Color-Verification/Images/Walnut/3062 - Graphite Walnut/IMG_1536.jpg,118.01826722201226,128.30791400279247,134.0251640972747,0.0
/Users/rishimanimaran/Documents/College/junior-year/fall-2024/cs-3311/JDA-4307-Color-Verification/Images/Walnut/3062 - Graphite Walnut/IMG_1522.jpg,112.13404396770282,125.40580432597422,132.17818825060888,0.0
/Users/rishimanimaran/Documents/College/junior-year/fall-2024/cs-3311/JDA-4307-Color-Verification/Images/Walnut/3062 - Graphite Walnut/IMG_1244.jpg,121.7105930335097,131.8448087423627,140.43238073585917,0.0
/Users/rishimanimaran/Documents/College/junior-year/fall-2024/cs-3311/JDA-4307-Color-Verification/Images/Walnut/3062 - Graphite Walnut/IMG_1278.jpg,148.35493162832262,129.7319502839716,133.82950918118019,0.0
/Users/rishimanimaran/Documents/College/junior-year/fall-2024/cs-3311/JDA-4307-Color-Verification/Images/Walnut/3062 - Graphite Walnut/IMG_1279.jpg,145.98383812437012,129.59795847833732,133.14242172081023,0.0
/Users/rishimanimaran/Documents/College/junior-year/fall-2024/cs-3311/JDA-4307-Color-Verification/Images/Walnut/3062 - Graphite Walnut/IMG_1523.jpg,126.18355200394201,126.73771123997439,131.78395799870873,0.0
/Users/rishimanimaran/Documents/College/junior-year/fall-2024/cs-3311/JDA-4307-Color-Verification/Images/Walnut/3062 - Graphite Walnut/IMG_1245.jpg,120.67920483683443,131.13041493121167,139.82926141135468,0.0
/Users/rishimanimaran/Documents/College/junior-year/fall-2024/cs-3311/JDA-4307-Color-Verification/Images/Walnut/3062 - Graphite Walnut/IMG_1251.jpg,111.80562026604623,129.61188419233434,137.0459885728983,0.0
/Users/rishimanimaran/Documents/College/junior-year/fall-2024/cs-3311/JDA-4307-Color-Verification/Images/Walnut/3062 - Graphite Walnut/IMG_1537.jpg,118.30758438116759,127.9864864975697,133.7547281306427,0.0
/Users/rishimanimaran/Documents/College/junior-year/fall-2024/cs-3311/JDA-4307-Color-Verification/Images/Walnut/3062 - Graphite Walnut/IMG_1286.jpg,148.9740737296076,130.3353289425338,135.68979406480958,0.0
/Users/rishimanimaran/Documents/College/junior-year/fall-2024/cs-3311/JDA-4307-Color-Verification/Images/Walnut/3062 - Graphite Walnut/IMG_1292.jpg,140.02019410194634,130.1753899524702,135.43905575829868,0.0
/Users/rishimanimaran/Documents/College/junior-year/fall-2024/cs-3311/JDA-4307-Color-Verification/Images/Walnut/3062 - Graphite Walnut/IMG_1319.jpg,108.10975005839528,125.61596054316789,129.5489983078494,0.0
/Users/rishimanimaran/Documents/College/junior-year/fall-2024/cs-3311/JDA-4307-Color-Verification/Images/Walnut/3062 - Graphite Walnut/IMG_1457.jpg,142.90749286790333,129.40982072323527,133.14591157643613,0.0
/Users/rishimanimaran/Documents/College/junior-year/fall-2024/cs-3311/JDA-4307-Color-Verification/Images/Walnut/3062 - Graphite Walnut/IMG_1331.jpg,122.29917078714202,133.89469536367787,145.52334966104496,0.0
/Users/rishimanimaran/Documents/College/junior-year/fall-2024/cs-3311/JDA-4307-Color-Verification/Images/Walnut/3062 - Graphite Walnut/IMG_1325.jpg,121.27351303658037,133.11713656816895,142.7336204543546,0.0
/Users/rishimanimaran/Documents/College/junior-year/fall-2024/cs-3311/JDA-4307-Color-Verification/Images/Walnut/3062 - Graphite Walnut/IMG_1443.jpg,134.48408302364155,130.3014286829701,136.46894995459604,0.0
/Users/rishimanimaran/Documents/College/junior-year/fall-2024/cs-3311/JDA-4307-Color-Verification/Images/Walnut/3062 - Graphite Walnut/IMG_0952.jpg,142.27095627506404,130.07748486643885,136.06181041089275,0.0
/Users/rishimanimaran/Documents/College/junior-year/fall-2024/cs-3311/JDA-4307-Color-Verification/Images/Walnut/3062 - Graphite Walnut/IMG_1494.jpg,140.68377000202088,129.22818018025112,132.531895054511,0.0
/Users/rishimanimaran/Documents/College/junior-year/fall-2024/cs-3311/JDA-4307-Color-Verification/Images/Walnut/3062 - Graphite Walnut/IMG_1480.jpg,127.48385616785295,129.1206943329029,132.51686614557087,0.0
/Users/rishimanimaran/Documents/College/junior-year/fall-2024/cs-3311/JDA-4307-Color-Verification/Images/Walnut/3062 - Graphite Walnut/IMG_1496.jpg,144.06400277607185,129.27918410323235,133.2037327373079,0.0
/Users/rishimanimaran/Documents/College/junior-year/fall-2024/cs-3311/JDA-4307-Color-Verification/Images/Walnut/3062 - Graphite Walnut/IMG_0950.jpg,143.63675688736143,129.6269917544564,134.52330381419543,0.0
/Users/rishimanimaran/Documents/College/junior-year/fall-2024/cs-3311/JDA-4307-Color-Verification/Images/Walnut/3062 - Graphite Walnut/IMG_1482.jpg,144.81598231016943,129.4377808222054,133.7955351893844,0.0
/Users/rishimanimaran/Documents/College/junior-year/fall-2024/cs-3311/JDA-4307-Color-Verification/Images/Walnut/3062 - Graphite Walnut/IMG_0978.jpg,152.41206959732196,131.41002108791048,140.73877342700197,0.0
/Users/rishimanimaran/Documents/College/junior-year/fall-2024/cs-3311/JDA-4307-Color-Verification/Images/Walnut/3062 - Graphite Walnut/IMG_1333.jpg,119.16055960385698,134.05411084669208,145.7254759542706,0.0
/Users/rishimanimaran/Documents/College/junior-year/fall-2024/cs-3311/JDA-4307-Color-Verification/Images/Walnut/3062 - Graphite Walnut/IMG_1455.jpg,139.09377181621105,129.58177117779982,133.48526323144998,0.0
/Users/rishimanimaran/Documents/College/junior-year/fall-2024/cs-3311/JDA-4307-Color-Verification/Images/Walnut/3062 - Graphite Walnut/IMG_1441.jpg,130.52282984470796,129.54011976607774,133.0706397431658,0.0
/Users/rishimanimaran/Documents/College/junior-year/fall-2024/cs-3311/JDA-4307-Color-Verification/Images/Walnut/3062 - Graphite Walnut/IMG_1327.jpg,120.57420636560951,133.9343326306217,145.8424353682445,0.0
/Users/rishimanimaran/Documents/College/junior-year/fall-2024/cs-3311/JDA-4307-Color-Verification/Images/Walnut/3062 - Graphite Walnut/IMG_1469.jpg,141.63437711600844,128.831061002719,131.68771799807885,0.0
/Users/rishimanimaran/Documents/College/junior-year/fall-2024/cs-3311/JDA-4307-Color-Verification/Images/Walnut/3062 - Graphite Walnut/IMG_1284.jpg,147.21748662813891,129.9871878969566,134.67297261786658,0.0
/Users/rishimanimaran/Documents/College/junior-year/fall-2024/cs-3311/JDA-4307-Color-Verification/Images/Walnut/3062 - Graphite Walnut/IMG_1290.jpg,136.85841910548942,129.5983341108434,133.39038690804253,0.0
/Users/rishimanimaran/Documents/College/junior-year/fall-2024/cs-3311/JDA-4307-Color-Verification/Images/Walnut/3062 - Graphite Walnut/IMG_1247.jpg,125.05065207506614,130.3434512163276,139.25324306999033,0.0
/Users/rishimanimaran/Documents/College/junior-year/fall-2024/cs-3311/JDA-4307-Color-Verification/Images/Walnut/3062 - Graphite Walnut/IMG_1521.jpg,116.62454538624864,126.08699000915952,133.29096477518476,0.0
/Users/rishimanimaran/Documents/College/junior-year/fall-2024/cs-3311/JDA-4307-Color-Verification/Images/Walnut/3062 - Graphite Walnut/IMG_1535.jpg,119.60511862441736,128.64079542889687,134.62342217944277,0.0
/Users/rishimanimaran/Documents/College/junior-year/fall-2024/cs-3311/JDA-4307-Color-Verification/Images/Walnut/3062 - Graphite Walnut/IMG_1253.jpg,122.774579570447,129.70082076522738,135.34463413065845,0.0
/Users/rishimanimaran/Documents/College/junior-year/fall-2024/cs-3311/JDA-4307-Color-Verification/Images/Walnut/3062 - Graphite Walnut/IMG_1509.jpg,130.67355271583943,127.43429055650037,132.0146320343338,0.0
/Users/rishimanimaran/Documents/College/junior-year/fall-2024/cs-3311/JDA-4307-Color-Verification/Images/Walnut/3062 - Graphite Walnut/IMG_1508.jpg,129.0697419978794,127.01901241785295,131.23234666648295,0.0
/Users/rishimanimaran/Documents/College/junior-year/fall-2024/cs-3311/JDA-4307-Color-Verification/Images/Walnut/3062 - Graphite Walnut/IMG_1534.jpg,120.91255668934241,128.95900045010288,135.71851379440665,0.0
/Users/rishimanimaran/Documents/College/junior-year/fall-2024/cs-3311/JDA-4307-Color-Verification/Images/Walnut/3062 - Graphite Walnut/IMG_1252.jpg,122.43062141426786,129.29372067113883,134.62036840199042,0.0
/Users/rishimanimaran/Documents/College/junior-year/fall-2024/cs-3311/JDA-4307-Color-Verification/Images/Walnut/3062 - Graphite Walnut/IMG_1246.jpg,111.86927923175443,131.02222186135256,137.4933445793441,0.0
/Users/rishimanimaran/Documents/College/junior-year/fall-2024/cs-3311/JDA-4307-Color-Verification/Images/Walnut/3062 - Graphite Walnut/IMG_1520.jpg,120.42644114937642,127.70181537121022,134.91459215823676,0.0
/Users/rishimanimaran/Documents/College/junior-year/fall-2024/cs-3311/JDA-4307-Color-Verification/Images/Walnut/3062 - Graphite Walnut/IMG_1291.jpg,138.0342832734946,129.3975299128139,132.68935076924288,0.0
/Users/rishimanimaran/Documents/College/junior-year/fall-2024/cs-3311/JDA-4307-Color-Verification/Images/Walnut/3062 - Graphite Walnut/IMG_1285.jpg,145.07752448008523,130.508617239334,136.25608409837702,0.0
/Users/rishimanimaran/Documents/College/junior-year/fall-2024/cs-3311/JDA-4307-Color-Verification/Images/Walnut/3062 - Graphite Walnut/IMG_1468.jpg,139.33430071006026,128.91782432012155,131.64603615848347,0.0
/Users/rishimanimaran/Documents/College/junior-year/fall-2024/cs-3311/JDA-4307-Color-Verification/Images/Walnut/3062 - Graphite Walnut/IMG_1440.jpg,139.91613922285734,129.37668944410325,132.9897807454386,0.0
/Users/rishimanimaran/Documents/College/junior-year/fall-2024/cs-3311/JDA-4307-Color-Verification/Images/Walnut/3062 - Graphite Walnut/IMG_1326.jpg,119.90986533984736,133.32457912756152,143.20526175844566,0.0
/Users/rishimanimaran/Documents/College/junior-year/fall-2024/cs-3311/JDA-4307-Color-Verification/Images/Walnut/3062 - Graphite Walnut/IMG_1332.jpg,120.3346268050044,133.9913579098692,145.64955348941274,0.0
/Users/rishimanimaran/Documents/College/junior-year/fall-2024/cs-3311/JDA-4307-Color-Verification/Images/Walnut/3062 - Graphite Walnut/IMG_1454.jpg,140.2546749843842,130.254900773967,135.50947979982888,0.0
/Users/rishimanimaran/Documents/College/junior-year/fall-2024/cs-3311/JDA-4307-Color-Verification/Images/Walnut/3062 - Graphite Walnut/IMG_0979.jpg,146.98354951066074,129.98356345335202,136.29866589768625,0.0
/Users/rishimanimaran/Documents/College/junior-year/fall-2024/cs-3311/JDA-4307-Color-Verification/Images/Walnut/3062 - Graphite Walnut/IMG_1483.jpg,142.31818640361237,129.5479621198402,133.61055397757096,0.0
/Users/rishimanimaran/Documents/College/junior-year/fall-2024/cs-3311/JDA-4307-Color-Verification/Images/Walnut/3062 - Graphite Walnut/IMG_0951.jpg,141.13665157903438,130.03966613651633,135.66294216374823,0.0
/Users/rishimanimaran/Documents/College/junior-year/fall-2024/cs-3311/JDA-4307-Color-Verification/Images/Walnut/3062 - Graphite Walnut/IMG_1497.jpg,139.5124819893235,129.89262635030863,134.5875751921139,0.0
/Users/rishimanimaran/Documents/College/junior-year/fall-2024/cs-3311/JDA-4307-Color-Verification/Images/Walnut/3062 - Graphite Walnut/IMG_1396.jpg,144.6422243907208,129.7915850609148,138.86716461758314,0.0
/Users/rishimanimaran/Documents/College/junior-year/fall-2024/cs-3311/JDA-4307-Color-Verification/Images/Walnut/3062 - Graphite Walnut/IMG_1382.jpg,109.25263500461914,129.88274450887607,136.66795521738788,0.0
/Users/rishimanimaran/Documents/College/junior-year/fall-2024/cs-3311/JDA-4307-Color-Verification/Images/Walnut/3062 - Graphite Walnut/IMG_1369.jpg,111.08066330795435,129.73136501900143,135.90512818746325,0.0
/Users/rishimanimaran/Documents/College/junior-year/fall-2024/cs-3311/JDA-4307-Color-Verification/Images/Walnut/3062 - Graphite Walnut/IMG_1355.jpg,129.10308528793462,130.12293738386558,137.71575428975603,0.0
/Users/rishimanimaran/Documents/College/junior-year/fall-2024/cs-3311/JDA-4307-Color-Verification/Images/Walnut/3062 - Graphite Walnut/IMG_1433.jpg,139.56026539666792,130.55747792461892,137.71001736439175,0.0
/Users/rishimanimaran/Documents/College/junior-year/fall-2024/cs-3311/JDA-4307-Color-Verification/Images/Walnut/3062 - Graphite Walnut/IMG_1427.jpg,138.54352678571428,129.88266093474428,134.43435100216783,0.0
/Users/rishimanimaran/Documents/College/junior-year/fall-2024/cs-3311/JDA-4307-Color-Verification/Images/Walnut/3062 - Graphite Walnut/IMG_1341.jpg,117.7622054319413,127.59329226964705,133.03902600295518,0.0
/Users/rishimanimaran/Documents/College/junior-year/fall-2024/cs-3311/JDA-4307-Color-Verification/Images/Walnut/3062 - Graphite Walnut/IMG_1194.jpg,128.48276904801273,131.23496863058494,136.51971570360396,0.0
/Users/rishimanimaran/Documents/College/junior-year/fall-2024/cs-3311/JDA-4307-Color-Verification/Images/Walnut/3062 - Graphite Walnut/IMG_1180.jpg,138.73115358218905,129.73060506031115,134.01970479549846,0.0
/Users/rishimanimaran/Documents/College/junior-year/fall-2024/cs-3311/JDA-4307-Color-Verification/Images/Walnut/3062 - Graphite Walnut/IMG_1209.jpg,106.69650115543902,132.0183582595847,138.22964121026496,0.0
/Users/rishimanimaran/Documents/College/junior-year/fall-2024/cs-3311/JDA-4307-Color-Verification/Images/Walnut/3062 - Graphite Walnut/IMG_1221.jpg,127.77159115961199,133.7144696757947,145.48473472143488,0.0
/Users/rishimanimaran/Documents/College/junior-year/fall-2024/cs-3311/JDA-4307-Color-Verification/Images/Walnut/3062 - Graphite Walnut/IMG_1547.jpg,142.03252419795078,129.92398945013963,135.40132314499874,0.0
/Users/rishimanimaran/Documents/College/junior-year/fall-2024/cs-3311/JDA-4307-Color-Verification/Images/Walnut/3062 - Graphite Walnut/IMG_1553.jpg,142.7333489819539,129.05184573347086,132.60088144053918,0.0
/Users/rishimanimaran/Documents/College/junior-year/fall-2024/cs-3311/JDA-4307-Color-Verification/Images/Walnut/3062 - Graphite Walnut/IMG_1235.jpg,117.40508980405434,133.77851231156043,145.95572596804925,0.0
/Users/rishimanimaran/Documents/College/junior-year/fall-2024/cs-3311/JDA-4307-Color-Verification/Images/Walnut/3062 - Graphite Walnut/IMG_1552.jpg,142.90060485035065,130.14949443801441,136.2063661016104,0.0
/Users/rishimanimaran/Documents/College/junior-year/fall-2024/cs-3311/JDA-4307-Color-Verification/Images/Walnut/3062 - Graphite Walnut/IMG_1234.jpg,117.95993789105148,133.60151689919795,146.0925868514844,0.0
/Users/rishimanimaran/Documents/College/junior-year/fall-2024/cs-3311/JDA-4307-Color-Verification/Images/Walnut/3062 - Graphite Walnut/IMG_1220.jpg,107.45707266799467,132.75636229607585,142.1973739679128,0.0
/Users/rishimanimaran/Documents/College/junior-year/fall-2024/cs-3311/JDA-4307-Color-Verification/Images/Walnut/3062 - Graphite Walnut/IMG_1546.jpg,141.98758181899302,129.85354613488914,136.27131353602397,0.0
/Users/rishimanimaran/Documents/College/junior-year/fall-2024/cs-3311/JDA-4307-Color-Verification/Images/Walnut/3062 - Graphite Walnut/IMG_1208.jpg,111.27266638715672,131.2717559294165,137.9166815935479,0.0
/Users/rishimanimaran/Documents/College/junior-year/fall-2024/cs-3311/JDA-4307-Color-Verification/Images/Walnut/3062 - Graphite Walnut/IMG_1181.jpg,141.05344627241328,129.6070696990216,133.65305335097003,0.0
/Users/rishimanimaran/Documents/College/junior-year/fall-2024/cs-3311/JDA-4307-Color-Verification/Images/Walnut/3062 - Graphite Walnut/IMG_1195.jpg,123.91820585776749,129.26693938570799,136.54768507036303,0.0
/Users/rishimanimaran/Documents/College/junior-year/fall-2024/cs-3311/JDA-4307-Color-Verification/Images/Walnut/3062 - Graphite Walnut/IMG_1426.jpg,139.2420793211189,130.4260056453137,136.58621446746136,0.0
/Users/rishimanimaran/Documents/College/junior-year/fall-2024/cs-3311/JDA-4307-Color-Verification/Images/Walnut/3062 - Graphite Walnut/IMG_1340.jpg,129.09740232898716,128.17667514054233,136.20917965469366,0.0
/Users/rishimanimaran/Documents/College/junior-year/fall-2024/cs-3311/JDA-4307-Color-Verification/Images/Walnut/3062 - Graphite Walnut/IMG_1354.jpg,130.02749933403146,130.1788999839905,137.81710166223124,0.0
/Users/rishimanimaran/Documents/College/junior-year/fall-2024/cs-3311/JDA-4307-Color-Verification/Images/Walnut/3062 - Graphite Walnut/IMG_1432.jpg,139.10782752530025,129.33986367984693,133.25239879902577,0.0
/Users/rishimanimaran/Documents/College/junior-year/fall-2024/cs-3311/JDA-4307-Color-Verification/Images/Walnut/3062 - Graphite Walnut/IMG_1368.jpg,111.2230927382527,129.7653379445914,135.9053652132149,0.0
/Users/rishimanimaran/Documents/College/junior-year/fall-2024/cs-3311/JDA-4307-Color-Verification/Images/Walnut/3062 - Graphite Walnut/IMG_1383.jpg,109.00513476513291,129.8255733234652,136.5665194318468,0.0
/Users/rishimanimaran/Documents/College/junior-year/fall-2024/cs-3311/JDA-4307-Color-Verification/Images/Walnut/3062 - Graphite Walnut/IMG_1397.jpg,127.79511977920026,130.37930263251133,139.59569418527443,0.0
/Users/rishimanimaran/Documents/College/junior-year/fall-2024/cs-3311/JDA-4307-Color-Verification/Images/Walnut/3062 - Graphite Walnut/IMG_1381.jpg,109.68685904628055,129.92806703121065,136.72872255094168,0.0
/Users/rishimanimaran/Documents/College/junior-year/fall-2024/cs-3311/JDA-4307-Color-Verification/Images/Walnut/3062 - Graphite Walnut/IMG_1395.jpg,144.07305896413348,129.97703802778827,140.2563408079281,0.0
/Users/rishimanimaran/Documents/College/junior-year/fall-2024/cs-3311/JDA-4307-Color-Verification/Images/Walnut/3062 - Graphite Walnut/IMG_1418.jpg,141.66371163627488,130.3627139464968,136.4871851904342,0.0
/Users/rishimanimaran/Documents/College/junior-year/fall-2024/cs-3311/JDA-4307-Color-Verification/Images/Walnut/3062 - Graphite Walnut/IMG_1342.jpg,110.86401832627341,128.53602619191966,133.9141952016146,0.0
/Users/rishimanimaran/Documents/College/junior-year/fall-2024/cs-3311/JDA-4307-Color-Verification/Images/Walnut/3062 - Graphite Walnut/IMG_1424.jpg,137.21735433660348,129.62493832409507,133.37676350439867,0.0
/Users/rishimanimaran/Documents/College/junior-year/fall-2024/cs-3311/JDA-4307-Color-Verification/Images/Walnut/3062 - Graphite Walnut/IMG_1430.jpg,139.35147638337742,129.5187405353731,133.2490152359169,0.0
/Users/rishimanimaran/Documents/College/junior-year/fall-2024/cs-3311/JDA-4307-Color-Verification/Images/Walnut/3062 - Graphite Walnut/IMG_1356.jpg,127.08304258721235,129.99227058203684,137.60621911283803,0.0
/Users/rishimanimaran/Documents/College/junior-year/fall-2024/cs-3311/JDA-4307-Color-Verification/Images/Walnut/3062 - Graphite Walnut/IMG_1183.jpg,140.16241611420804,129.938399877698,134.89541226405686,0.0
/Users/rishimanimaran/Documents/College/junior-year/fall-2024/cs-3311/JDA-4307-Color-Verification/Images/Walnut/3062 - Graphite Walnut/IMG_1197.jpg,119.47818510120098,132.69603653575626,142.9016001124601,0.0
/Users/rishimanimaran/Documents/College/junior-year/fall-2024/cs-3311/JDA-4307-Color-Verification/Images/Walnut/3062 - Graphite Walnut/IMG_1168.jpg,141.6889511060983,129.47317106337132,134.03578432723398,0.0
/Users/rishimanimaran/Documents/College/junior-year/fall-2024/cs-3311/JDA-4307-Color-Verification/Images/Walnut/3062 - Graphite Walnut/IMG_1236.jpg,118.64954102300642,133.7944206762566,146.10747756374926,0.0
/Users/rishimanimaran/Documents/College/junior-year/fall-2024/cs-3311/JDA-4307-Color-Verification/Images/Walnut/3062 - Graphite Walnut/IMG_1550.jpg,136.9864024313429,129.18443687274294,133.04763553280108,0.0
/Users/rishimanimaran/Documents/College/junior-year/fall-2024/cs-3311/JDA-4307-Color-Verification/Images/Walnut/3062 - Graphite Walnut/IMG_1544.jpg,146.23335464104625,129.7436975754808,133.29614760159464,0.0
/Users/rishimanimaran/Documents/College/junior-year/fall-2024/cs-3311/JDA-4307-Color-Verification/Images/Walnut/3062 - Graphite Walnut/IMG_1222.jpg,136.75344786352042,131.50910851416182,140.43794665821576,0.0
/Users/rishimanimaran/Documents/College/junior-year/fall-2024/cs-3311/JDA-4307-Color-Verification/Images/Walnut/3062 - Graphite Walnut/IMG_1545.jpg,138.4992888407292,130.02993200559544,135.41131193507496,0.0
/Users/rishimanimaran/Documents/College/junior-year/fall-2024/cs-3311/JDA-4307-Color-Verification/Images/Walnut/3062 - Graphite Walnut/IMG_1223.jpg,137.29397656053163,131.51006285037164,140.864097635582,0.0
/Users/rishimanimaran/Documents/College/junior-year/fall-2024/cs-3311/JDA-4307-Color-Verification/Images/Walnut/3062 - Graphite Walnut/IMG_1237.jpg,103.87981974232595,133.22761533722286,144.66963416346476,0.0
/Users/rishimanimaran/Documents/College/junior-year/fall-2024/cs-3311/JDA-4307-Color-Verification/Images/Walnut/3062 - Graphite Walnut/IMG_1551.jpg,139.79495435326908,129.90835255784413,133.99643838052197,0.0
/Users/rishimanimaran/Documents/College/junior-year/fall-2024/cs-3311/JDA-4307-Color-Verification/Images/Walnut/3062 - Graphite Walnut/IMG_1169.jpg,142.1856899106093,129.77105748259953,135.3063559480505,0.0
/Users/rishimanimaran/Documents/College/junior-year/fall-2024/cs-3311/JDA-4307-Color-Verification/Images/Walnut/3062 - Graphite Walnut/IMG_1196.jpg,124.62557780152956,129.7173208741444,137.69445420432834,0.0
/Users/rishimanimaran/Documents/College/junior-year/fall-2024/cs-3311/JDA-4307-Color-Verification/Images/Walnut/3062 - Graphite Walnut/IMG_1182.jpg,142.59743070646468,129.45811574533363,133.49342643114343,0.0
/Users/rishimanimaran/Documents/College/junior-year/fall-2024/cs-3311/JDA-4307-Color-Verification/Images/Walnut/3062 - Graphite Walnut/IMG_1431.jpg,138.97877586123184,129.8436701985964,134.4193352157607,0.0
/Users/rishimanimaran/Documents/College/junior-year/fall-2024/cs-3311/JDA-4307-Color-Verification/Images/Walnut/3062 - Graphite Walnut/IMG_1357.jpg,129.68367880041677,129.64517491024188,137.34788162950366,0.0
/Users/rishimanimaran/Documents/College/junior-year/fall-2024/cs-3311/JDA-4307-Color-Verification/Images/Walnut/3062 - Graphite Walnut/IMG_1343.jpg,117.45206601158982,129.2174283968989,135.1863227447615,0.0
/Users/rishimanimaran/Documents/College/junior-year/fall-2024/cs-3311/JDA-4307-Color-Verification/Images/Walnut/3062 - Graphite Walnut/IMG_1425.jpg,138.47991719353635,129.34118462682142,132.5621166580058,0.0
/Users/rishimanimaran/Documents/College/junior-year/fall-2024/cs-3311/JDA-4307-Color-Verification/Images/Walnut/3062 - Graphite Walnut/IMG_1419.jpg,137.58010765069918,130.16567345495298,136.37766436628664,0.0
/Users/rishimanimaran/Documents/College/junior-year/fall-2024/cs-3311/JDA-4307-Color-Verification/Images/Walnut/3062 - Graphite Walnut/IMG_1394.jpg,128.4908823000651,130.30812601371568,141.497229505228,0.0
/Users/rishimanimaran/Documents/College/junior-year/fall-2024/cs-3311/JDA-4307-Color-Verification/Images/Walnut/3062 - Graphite Walnut/IMG_1380.jpg,110.53305008345932,129.9756501558957,136.79601014306186,0.0
/Users/rishimanimaran/Documents/College/junior-year/fall-2024/cs-3311/JDA-4307-Color-Verification/Images/Walnut/3062 - Graphite Walnut/IMG_1390.jpg,109.32643284937431,130.63673293873876,138.9696831761254,0.0
/Users/rishimanimaran/Documents/College/junior-year/fall-2024/cs-3311/JDA-4307-Color-Verification/Images/Walnut/3062 - Graphite Walnut/IMG_1421.jpg,136.252681671627,129.8339404965304,133.6828884138532,0.0
/Users/rishimanimaran/Documents/College/junior-year/fall-2024/cs-3311/JDA-4307-Color-Verification/Images/Walnut/3062 - Graphite Walnut/IMG_1347.jpg,117.50794569370959,130.14595463474743,137.10000075454565,0.0
/Users/rishimanimaran/Documents/College/junior-year/fall-2024/cs-3311/JDA-4307-Color-Verification/Images/Walnut/3062 - Graphite Walnut/IMG_1353.jpg,132.1325103536785,130.18990125950072,137.83526349390064,0.0
/Users/rishimanimaran/Documents/College/junior-year/fall-2024/cs-3311/JDA-4307-Color-Verification/Images/Walnut/3062 - Graphite Walnut/IMG_1435.jpg,138.97842721193416,129.91728071919354,134.91838867105483,0.0
/Users/rishimanimaran/Documents/College/junior-year/fall-2024/cs-3311/JDA-4307-Color-Verification/Images/Walnut/3062 - Graphite Walnut/IMG_1409.jpg,132.0907679863998,129.67945949598976,133.6136946918042,0.0
/Users/rishimanimaran/Documents/College/junior-year/fall-2024/cs-3311/JDA-4307-Color-Verification/Images/Walnut/3062 - Graphite Walnut/IMG_1186.jpg,141.87098794957797,129.44436644738914,134.51466967960025,0.0
/Users/rishimanimaran/Documents/College/junior-year/fall-2024/cs-3311/JDA-4307-Color-Verification/Images/Walnut/3062 - Graphite Walnut/IMG_1192.jpg,112.07288689492,131.2328691893424,141.11419162572437,0.0
/Users/rishimanimaran/Documents/College/junior-year/fall-2024/cs-3311/JDA-4307-Color-Verification/Images/Walnut/3062 - Graphite Walnut/IMG_1179.jpg,125.3628162202381,130.1652473827108,136.1441296184755,0.0
/Users/rishimanimaran/Documents/College/junior-year/fall-2024/cs-3311/JDA-4307-Color-Verification/Images/Walnut/3062 - Graphite Walnut/IMG_1555.jpg,138.43990831286217,129.49002400439343,133.0337138375798,0.0
/Users/rishimanimaran/Documents/College/junior-year/fall-2024/cs-3311/JDA-4307-Color-Verification/Images/Walnut/3062 - Graphite Walnut/IMG_1233.jpg,101.21835952262849,133.39075655339298,143.6562510662058,0.0
/Users/rishimanimaran/Documents/College/junior-year/fall-2024/cs-3311/JDA-4307-Color-Verification/Images/Walnut/3062 - Graphite Walnut/IMG_1227.jpg,117.1716706165491,132.1632609592834,141.59198091852483,0.0
/Users/rishimanimaran/Documents/College/junior-year/fall-2024/cs-3311/JDA-4307-Color-Verification/Images/Walnut/3062 - Graphite Walnut/IMG_1541.jpg,119.94089250283447,127.20024722852104,130.96797905118837,0.0
/Users/rishimanimaran/Documents/College/junior-year/fall-2024/cs-3311/JDA-4307-Color-Verification/Images/Walnut/3062 - Graphite Walnut/IMG_1226.jpg,119.183647142306,132.05143032328672,141.3241552697468,0.0
/Users/rishimanimaran/Documents/College/junior-year/fall-2024/cs-3311/JDA-4307-Color-Verification/Images/Walnut/3062 - Graphite Walnut/IMG_1540.jpg,114.02962321599165,126.80565750123351,132.30778376165281,0.0
/Users/rishimanimaran/Documents/College/junior-year/fall-2024/cs-3311/JDA-4307-Color-Verification/Images/Walnut/3062 - Graphite Walnut/IMG_1554.jpg,139.67539782598996,129.2080051879934,131.9001500725676,0.0
/Users/rishimanimaran/Documents/College/junior-year/fall-2024/cs-3311/JDA-4307-Color-Verification/Images/Walnut/3062 - Graphite Walnut/IMG_1232.jpg,107.39705627138973,132.3088430781263,140.65341692714895,0.0
/Users/rishimanimaran/Documents/College/junior-year/fall-2024/cs-3311/JDA-4307-Color-Verification/Images/Walnut/3062 - Graphite Walnut/IMG_1178.jpg,124.55428283388973,130.04638971232782,135.53893045451204,0.0
/Users/rishimanimaran/Documents/College/junior-year/fall-2024/cs-3311/JDA-4307-Color-Verification/Images/Walnut/3062 - Graphite Walnut/IMG_1193.jpg,114.34571165464642,129.88221837732007,139.33486793154762,0.0
/Users/rishimanimaran/Documents/College/junior-year/fall-2024/cs-3311/JDA-4307-Color-Verification/Images/Walnut/3062 - Graphite Walnut/IMG_1187.jpg,126.42897740693499,129.94070148796402,135.10693060017218,0.0
/Users/rishimanimaran/Documents/College/junior-year/fall-2024/cs-3311/JDA-4307-Color-Verification/Images/Walnut/3062 - Graphite Walnut/IMG_1408.jpg,134.08586581816368,130.2544162244373,135.73746182983223,0.0
/Users/rishimanimaran/Documents/College/junior-year/fall-2024/cs-3311/JDA-4307-Color-Verification/Images/Walnut/3062 - Graphite Walnut/IMG_1352.jpg,132.3218978660137,130.24606381422169,137.87794404027042,0.0
/Users/rishimanimaran/Documents/College/junior-year/fall-2024/cs-3311/JDA-4307-Color-Verification/Images/Walnut/3062 - Graphite Walnut/IMG_1434.jpg,140.20456142526456,129.6249378320001,133.27712156911375,0.0
/Users/rishimanimaran/Documents/College/junior-year/fall-2024/cs-3311/JDA-4307-Color-Verification/Images/Walnut/3062 - Graphite Walnut/IMG_1420.jpg,140.04453418616674,129.47931208073507,133.70448006556018,0.0
/Users/rishimanimaran/Documents/College/junior-year/fall-2024/cs-3311/JDA-4307-Color-Verification/Images/Walnut/3062 - Graphite Walnut/IMG_1346.jpg,138.48237504396047,130.15228732310825,137.51355254196585,0.0
/Users/rishimanimaran/Documents/College/junior-year/fall-2024/cs-3311/JDA-4307-Color-Verification/Images/Walnut/3062 - Graphite Walnut/IMG_1391.jpg,111.64965535307488,131.88302237851158,140.80368124776916,0.0
/Users/rishimanimaran/Documents/College/junior-year/fall-2024/cs-3311/JDA-4307-Color-Verification/Images/Walnut/3062 - Graphite Walnut/IMG_1393.jpg,124.98739449483497,130.5390709476306,141.45606403730474,0.0
/Users/rishimanimaran/Documents/College/junior-year/fall-2024/cs-3311/JDA-4307-Color-Verification/Images/Walnut/3062 - Graphite Walnut/IMG_1387.jpg,128.02516048857814,128.7455250522277,135.60627759012556,0.0
/Users/rishimanimaran/Documents/College/junior-year/fall-2024/cs-3311/JDA-4307-Color-Verification/Images/Walnut/3062 - Graphite Walnut/IMG_1436.jpg,141.2001027166268,129.22028763280002,133.06954565197992,0.0
/Users/rishimanimaran/Documents/College/junior-year/fall-2024/cs-3311/JDA-4307-Color-Verification/Images/Walnut/3062 - Graphite Walnut/IMG_1350.jpg,113.9127319571733,129.96947994089612,137.3483903737035,0.0
/Users/rishimanimaran/Documents/College/junior-year/fall-2024/cs-3311/JDA-4307-Color-Verification/Images/Walnut/3062 - Graphite Walnut/IMG_1344.jpg,134.89295990869343,129.22073396295247,135.60670152995613,0.0
/Users/rishimanimaran/Documents/College/junior-year/fall-2024/cs-3311/JDA-4307-Color-Verification/Images/Walnut/3062 - Graphite Walnut/IMG_1422.jpg,138.69746795805514,129.34263606098304,132.34592432169626,0.0
/Users/rishimanimaran/Documents/College/junior-year/fall-2024/cs-3311/JDA-4307-Color-Verification/Images/Walnut/3062 - Graphite Walnut/IMG_1378.jpg,111.97774311788758,129.7556568779132,136.4718052537373,0.0
/Users/rishimanimaran/Documents/College/junior-year/fall-2024/cs-3311/JDA-4307-Color-Verification/Images/Walnut/3062 - Graphite Walnut/IMG_1191.jpg,137.93560551631919,129.98153421766082,135.67538987045435,0.0
/Users/rishimanimaran/Documents/College/junior-year/fall-2024/cs-3311/JDA-4307-Color-Verification/Images/Walnut/3062 - Graphite Walnut/IMG_1185.jpg,139.37372399770092,129.44382793144263,133.4422077907166,0.0
/Users/rishimanimaran/Documents/College/junior-year/fall-2024/cs-3311/JDA-4307-Color-Verification/Images/Walnut/3062 - Graphite Walnut/IMG_1224.jpg,105.13120720413937,129.14370198793253,136.3299353354382,0.0
/Users/rishimanimaran/Documents/College/junior-year/fall-2024/cs-3311/JDA-4307-Color-Verification/Images/Walnut/3062 - Graphite Walnut/IMG_1230.jpg,127.58649602780928,125.0251992000504,133.75737486352565,0.0
/Users/rishimanimaran/Documents/College/junior-year/fall-2024/cs-3311/JDA-4307-Color-Verification/Images/Walnut/3062 - Graphite Walnut/IMG_1556.jpg,139.55623489268393,128.95672049201625,131.82775609279204,0.0
/Users/rishimanimaran/Documents/College/junior-year/fall-2024/cs-3311/JDA-4307-Color-Verification/Images/Walnut/3062 - Graphite Walnut/IMG_1218.jpg,119.82085560883304,128.70292693176808,133.97872189481504,0.0
/Users/rishimanimaran/Documents/College/junior-year/fall-2024/cs-3311/JDA-4307-Color-Verification/Images/Walnut/3062 - Graphite Walnut/IMG_1219.jpg,124.41913304673722,130.7374989830037,138.6375081523736,0.0
/Users/rishimanimaran/Documents/College/junior-year/fall-2024/cs-3311/JDA-4307-Color-Verification/Images/Walnut/3062 - Graphite Walnut/IMG_1231.jpg,128.99051544325292,130.00043337165113,138.21816317672904,0.0
/Users/rishimanimaran/Documents/College/junior-year/fall-2024/cs-3311/JDA-4307-Color-Verification/Images/Walnut/3062 - Graphite Walnut/IMG_1557.jpg,140.29500102027694,130.3522543035347,136.7189533172451,0.0
/Users/rishimanimaran/Documents/College/junior-year/fall-2024/cs-3311/JDA-4307-Color-Verification/Images/Walnut/3062 - Graphite Walnut/IMG_1225.jpg,100.27465100623583,131.94179762954565,139.89028504438042,0.0
/Users/rishimanimaran/Documents/College/junior-year/fall-2024/cs-3311/JDA-4307-Color-Verification/Images/Walnut/3062 - Graphite Walnut/IMG_1184.jpg,141.43672166976359,130.3612157633115,136.91022588144054,0.0
/Users/rishimanimaran/Documents/College/junior-year/fall-2024/cs-3311/JDA-4307-Color-Verification/Images/Walnut/3062 - Graphite Walnut/IMG_1190.jpg,140.4444679009721,130.21828168960485,136.04024360998258,0.0
/Users/rishimanimaran/Documents/College/junior-year/fall-2024/cs-3311/JDA-4307-Color-Verification/Images/Walnut/3062 - Graphite Walnut/IMG_1379.jpg,110.36368870464852,129.71280860916897,136.33616771843768,0.0
/Users/rishimanimaran/Documents/College/junior-year/fall-2024/cs-3311/JDA-4307-Color-Verification/Images/Walnut/3062 - Graphite Walnut/IMG_1345.jpg,133.48283548083586,129.8543214305398,137.1334620653817,0.0
/Users/rishimanimaran/Documents/College/junior-year/fall-2024/cs-3311/JDA-4307-Color-Verification/Images/Walnut/3062 - Graphite Walnut/IMG_1423.jpg,139.44186373430546,129.29104908745904,132.68847951506993,0.0
/Users/rishimanimaran/Documents/College/junior-year/fall-2024/cs-3311/JDA-4307-Color-Verification/Images/Walnut/3062 - Graphite Walnut/IMG_1437.jpg,140.7280080290218,130.3733826478122,136.29416044002477,0.0
/Users/rishimanimaran/Documents/College/junior-year/fall-2024/cs-3311/JDA-4307-Color-Verification/Images/Walnut/3062 - Graphite Walnut/IMG_1351.jpg,134.88369138164526,129.83565881020618,137.66753316392143,0.0
/Users/rishimanimaran/Documents/College/junior-year/fall-2024/cs-3311/JDA-4307-Color-Verification/Images/Walnut/3062 - Graphite Walnut/IMG_1386.jpg,126.09633202239229,128.08147280420656,134.6800695297409,0.0
/Users/rishimanimaran/Documents/College/junior-year/fall-2024/cs-3311/JDA-4307-Color-Verification/Images/Walnut/3062 - Graphite Walnut/IMG_1392.jpg,122.55923445767196,131.05896905444277,142.0500659079218,0.0
/Users/rishimanimaran/Documents/College/junior-year/fall-2024/cs-3311/JDA-4307-Color-Verification/Images/Walnut/3062 - Graphite Walnut/IMG_1348.jpg,134.8104220469052,130.00765954047515,137.33190871834844,0.0
/Users/rishimanimaran/Documents/College/junior-year/fall-2024/cs-3311/JDA-4307-Color-Verification/Images/Walnut/3062 - Graphite Walnut/IMG_1374.jpg,113.95237972214349,129.7682424532313,135.93727306219554,0.0
/Users/rishimanimaran/Documents/College/junior-year/fall-2024/cs-3311/JDA-4307-Color-Verification/Images/Walnut/3062 - Graphite Walnut/IMG_1412.jpg,133.35682028887945,130.47859673865688,136.7012692277914,0.0
/Users/rishimanimaran/Documents/College/junior-year/fall-2024/cs-3311/JDA-4307-Color-Verification/Images/Walnut/3062 - Graphite Walnut/IMG_1406.jpg,140.5112526540323,130.28117602172043,136.0062587920971,0.0
/Users/rishimanimaran/Documents/College/junior-year/fall-2024/cs-3311/JDA-4307-Color-Verification/Images/Walnut/3062 - Graphite Walnut/IMG_1360.jpg,120.20128333451436,129.38042895591877,136.5721001990688,0.0
/Users/rishimanimaran/Documents/College/junior-year/fall-2024/cs-3311/JDA-4307-Color-Verification/Images/Walnut/3062 - Graphite Walnut/IMG_1189.jpg,139.98496846655328,130.1920777136086,135.99863049965356,0.0
/Users/rishimanimaran/Documents/College/junior-year/fall-2024/cs-3311/JDA-4307-Color-Verification/Images/Walnut/3062 - Graphite Walnut/IMG_1176.jpg,127.31576644450219,129.48012764615876,133.5699524505018,0.0
/Users/rishimanimaran/Documents/College/junior-year/fall-2024/cs-3311/JDA-4307-Color-Verification/Images/Walnut/3062 - Graphite Walnut/IMG_1162.jpg,147.0135621378181,128.65947223796925,130.9762957025017,0.0
/Users/rishimanimaran/Documents/College/junior-year/fall-2024/cs-3311/JDA-4307-Color-Verification/Images/Walnut/3062 - Graphite Walnut/IMG_1228.jpg,101.25933963477367,131.7600368513532,140.5346944188555,0.0
/Users/rishimanimaran/Documents/College/junior-year/fall-2024/cs-3311/JDA-4307-Color-Verification/Images/Walnut/3062 - Graphite Walnut/IMG_1200.jpg,119.56510342852418,131.16297078727325,139.99185426967856,0.0
/Users/rishimanimaran/Documents/College/junior-year/fall-2024/cs-3311/JDA-4307-Color-Verification/Images/Walnut/3062 - Graphite Walnut/IMG_1214.jpg,97.32877358119174,130.2659303449389,135.95550157273559,0.0
/Users/rishimanimaran/Documents/College/junior-year/fall-2024/cs-3311/JDA-4307-Color-Verification/Images/Walnut/3062 - Graphite Walnut/IMG_1215.jpg,127.31333434704901,131.0284371030434,138.32821095259092,0.0
/Users/rishimanimaran/Documents/College/junior-year/fall-2024/cs-3311/JDA-4307-Color-Verification/Images/Walnut/3062 - Graphite Walnut/IMG_1201.jpg,110.73030865509784,131.23686336031327,141.66005955333523,0.0
/Users/rishimanimaran/Documents/College/junior-year/fall-2024/cs-3311/JDA-4307-Color-Verification/Images/Walnut/3062 - Graphite Walnut/IMG_1229.jpg,104.13080393229822,132.07025664721908,141.68268189799068,0.0
/Users/rishimanimaran/Documents/College/junior-year/fall-2024/cs-3311/JDA-4307-Color-Verification/Images/Walnut/3062 - Graphite Walnut/IMG_1163.jpg,142.75972289475203,129.5046779369541,133.78018896119406,0.0
/Users/rishimanimaran/Documents/College/junior-year/fall-2024/cs-3311/JDA-4307-Color-Verification/Images/Walnut/3062 - Graphite Walnut/IMG_1177.jpg,125.11569341760624,130.29431766437284,136.0336956300653,0.0
/Users/rishimanimaran/Documents/College/junior-year/fall-2024/cs-3311/JDA-4307-Color-Verification/Images/Walnut/3062 - Graphite Walnut/IMG_1188.jpg,140.45526200449316,130.19444600274522,136.3842604894967,0.0
/Users/rishimanimaran/Documents/College/junior-year/fall-2024/cs-3311/JDA-4307-Color-Verification/Images/Walnut/3062 - Graphite Walnut/IMG_1407.jpg,134.70159729111552,129.50829860783048,133.16488323242106,0.0
/Users/rishimanimaran/Documents/College/junior-year/fall-2024/cs-3311/JDA-4307-Color-Verification/Images/Walnut/3062 - Graphite Walnut/IMG_1361.jpg,122.32399730725623,128.92649601796737,136.01736455577603,0.0
/Users/rishimanimaran/Documents/College/junior-year/fall-2024/cs-3311/JDA-4307-Color-Verification/Images/Walnut/3062 - Graphite Walnut/IMG_1375.jpg,139.9206099878223,129.59838020374045,136.10279847857353,0.0
/Users/rishimanimaran/Documents/College/junior-year/fall-2024/cs-3311/JDA-4307-Color-Verification/Images/Walnut/3062 - Graphite Walnut/IMG_1413.jpg,139.04423901119088,129.76092582094566,133.83532065893488,0.0
/Users/rishimanimaran/Documents/College/junior-year/fall-2024/cs-3311/JDA-4307-Color-Verification/Images/Walnut/3062 - Graphite Walnut/IMG_1349.jpg,135.2096395174582,129.9021703685332,137.17670163165576,0.0
/Users/rishimanimaran/Documents/College/junior-year/fall-2024/cs-3311/JDA-4307-Color-Verification/Images/Walnut/3062 - Graphite Walnut/IMG_1388.jpg,130.16235862111049,129.33336351515916,136.9635801320914,0.0
/Users/rishimanimaran/Documents/College/junior-year/fall-2024/cs-3311/JDA-4307-Color-Verification/Images/Walnut/3062 - Graphite Walnut/IMG_1439.jpg,138.02448795876376,129.81700857426304,133.72052506863085,0.0
/Users/rishimanimaran/Documents/College/junior-year/fall-2024/cs-3311/JDA-4307-Color-Verification/Images/Walnut/3062 - Graphite Walnut/IMG_1363.jpg,126.32223208052511,128.06316071953472,134.33643902680672,0.0
/Users/rishimanimaran/Documents/College/junior-year/fall-2024/cs-3311/JDA-4307-Color-Verification/Images/Walnut/3062 - Graphite Walnut/IMG_1405.jpg,132.5219274245192,129.2748735151854,133.4428504667685,0.0
/Users/rishimanimaran/Documents/College/junior-year/fall-2024/cs-3311/JDA-4307-Color-Verification/Images/Walnut/3062 - Graphite Walnut/IMG_1411.jpg,132.31700275113903,130.52233684754765,137.06681567302846,0.0
/Users/rishimanimaran/Documents/College/junior-year/fall-2024/cs-3311/JDA-4307-Color-Verification/Images/Walnut/3062 - Graphite Walnut/IMG_1377.jpg,112.16166197864176,129.78432354326762,136.47820781958617,0.0
/Users/rishimanimaran/Documents/College/junior-year/fall-2024/cs-3311/JDA-4307-Color-Verification/Images/Walnut/3062 - Graphite Walnut/IMG_1161.jpg,154.5220154275059,128.71508741903398,131.99822944223985,0.0
/Users/rishimanimaran/Documents/College/junior-year/fall-2024/cs-3311/JDA-4307-Color-Verification/Images/Walnut/3062 - Graphite Walnut/IMG_1175.jpg,127.00443402187264,129.38350323732888,133.2290506962816,0.0
/Users/rishimanimaran/Documents/College/junior-year/fall-2024/cs-3311/JDA-4307-Color-Verification/Images/Walnut/3062 - Graphite Walnut/IMG_1217.jpg,129.36125406470458,131.75436020762473,141.43420025707042,0.0
/Users/rishimanimaran/Documents/College/junior-year/fall-2024/cs-3311/JDA-4307-Color-Verification/Images/Walnut/3062 - Graphite Walnut/IMG_1203.jpg,97.5993479085307,131.50244054508377,141.56553589800117,0.0
/Users/rishimanimaran/Documents/College/junior-year/fall-2024/cs-3311/JDA-4307-Color-Verification/Images/Walnut/3062 - Graphite Walnut/IMG_1202.jpg,126.97246736754116,130.70600334558978,139.12272291246745,0.0
/Users/rishimanimaran/Documents/College/junior-year/fall-2024/cs-3311/JDA-4307-Color-Verification/Images/Walnut/3062 - Graphite Walnut/IMG_1216.jpg,107.80307974366444,132.09567597775992,142.01615014736603,0.0
/Users/rishimanimaran/Documents/College/junior-year/fall-2024/cs-3311/JDA-4307-Color-Verification/Images/Walnut/3062 - Graphite Walnut/IMG_1558.jpg,141.95645607297703,129.91088504267447,135.4076518965997,0.0
/Users/rishimanimaran/Documents/College/junior-year/fall-2024/cs-3311/JDA-4307-Color-Verification/Images/Walnut/3062 - Graphite Walnut/IMG_1160.jpg,119.89243074255165,136.49008198958595,146.08028242643508,0.0
/Users/rishimanimaran/Documents/College/junior-year/fall-2024/cs-3311/JDA-4307-Color-Verification/Images/Walnut/3062 - Graphite Walnut/IMG_1410.jpg,132.35943495357247,129.82281882178026,133.52712132306627,0.0
/Users/rishimanimaran/Documents/College/junior-year/fall-2024/cs-3311/JDA-4307-Color-Verification/Images/Walnut/3062 - Graphite Walnut/IMG_1376.jpg,112.40489518048732,129.806339216821,136.59405444276476,0.0
/Users/rishimanimaran/Documents/College/junior-year/fall-2024/cs-3311/JDA-4307-Color-Verification/Images/Walnut/3062 - Graphite Walnut/IMG_1362.jpg,123.71903188841122,128.38426828100066,135.15877961427626,0.0
/Users/rishimanimaran/Documents/College/junior-year/fall-2024/cs-3311/JDA-4307-Color-Verification/Images/Walnut/3062 - Graphite Walnut/IMG_1404.jpg,135.46871128852774,129.51773165863568,133.03492299697658,0.0
/Users/rishimanimaran/Documents/College/junior-year/fall-2024/cs-3311/JDA-4307-Color-Verification/Images/Walnut/3062 - Graphite Walnut/IMG_1438.jpg,137.4213462439374,129.74621816801567,133.77129426230368,0.0
/Users/rishimanimaran/Documents/College/junior-year/fall-2024/cs-3311/JDA-4307-Color-Verification/Images/Walnut/3062 - Graphite Walnut/IMG_1389.jpg,118.00216702228731,129.74779467631961,137.51069314203303,0.0
/Users/rishimanimaran/Documents/College/junior-year/fall-2024/cs-3311/JDA-4307-Color-Verification/Images/Walnut/3062 - Graphite Walnut/IMG_1399.jpg,125.09756685274418,132.72080802324788,143.50257029412845,0.0
/Users/rishimanimaran/Documents/College/junior-year/fall-2024/cs-3311/JDA-4307-Color-Verification/Images/Walnut/3062 - Graphite Walnut/IMG_1400.jpg,140.26907745640693,129.73157940838374,134.0657128061487,0.0
/Users/rishimanimaran/Documents/College/junior-year/fall-2024/cs-3311/JDA-4307-Color-Verification/Images/Walnut/3062 - Graphite Walnut/IMG_1366.jpg,119.71431696231734,129.73063885083354,135.1565828202423,0.0
/Users/rishimanimaran/Documents/College/junior-year/fall-2024/cs-3311/JDA-4307-Color-Verification/Images/Walnut/3062 - Graphite Walnut/IMG_1372.jpg,113.68549791154888,129.86326369861217,135.91981960125872,0.0
/Users/rishimanimaran/Documents/College/junior-year/fall-2024/cs-3311/JDA-4307-Color-Verification/Images/Walnut/3062 - Graphite Walnut/IMG_1414.jpg,139.43376844372008,129.48362627747858,133.26840131789598,0.0
/Users/rishimanimaran/Documents/College/junior-year/fall-2024/cs-3311/JDA-4307-Color-Verification/Images/Walnut/3062 - Graphite Walnut/IMG_1428.jpg,139.7713159964989,129.62858507600572,133.7295712507611,0.0
/Users/rishimanimaran/Documents/College/junior-year/fall-2024/cs-3311/JDA-4307-Color-Verification/Images/Walnut/3062 - Graphite Walnut/IMG_1164.jpg,143.4450996689185,129.88175318352648,135.02895577115876,0.0
/Users/rishimanimaran/Documents/College/junior-year/fall-2024/cs-3311/JDA-4307-Color-Verification/Images/Walnut/3062 - Graphite Walnut/IMG_1170.jpg,140.2953847723503,129.9975504331748,135.43427776203075,0.0
/Users/rishimanimaran/Documents/College/junior-year/fall-2024/cs-3311/JDA-4307-Color-Verification/Images/Walnut/3062 - Graphite Walnut/IMG_1212.jpg,112.42611571055892,130.7563196478437,138.97992957792684,0.0
/Users/rishimanimaran/Documents/College/junior-year/fall-2024/cs-3311/JDA-4307-Color-Verification/Images/Walnut/3062 - Graphite Walnut/IMG_1206.jpg,114.74094266371672,131.31462379994437,139.63317033507076,0.0
/Users/rishimanimaran/Documents/College/junior-year/fall-2024/cs-3311/JDA-4307-Color-Verification/Images/Walnut/3062 - Graphite Walnut/IMG_1548.jpg,142.46657805676284,130.34948602319014,136.45609503928887,0.0
/Users/rishimanimaran/Documents/College/junior-year/fall-2024/cs-3311/JDA-4307-Color-Verification/Images/Walnut/3062 - Graphite Walnut/IMG_1549.jpg,141.23434243971508,130.07535991827285,135.84032411672231,0.0
/Users/rishimanimaran/Documents/College/junior-year/fall-2024/cs-3311/JDA-4307-Color-Verification/Images/Walnut/3062 - Graphite Walnut/IMG_1207.jpg,132.94799277735785,131.63158865976948,141.76690256059985,0.0
/Users/rishimanimaran/Documents/College/junior-year/fall-2024/cs-3311/JDA-4307-Color-Verification/Images/Walnut/3062 - Graphite Walnut/IMG_1213.jpg,108.5855930335097,130.26077729027568,136.3723207068321,0.0
/Users/rishimanimaran/Documents/College/junior-year/fall-2024/cs-3311/JDA-4307-Color-Verification/Images/Walnut/3062 - Graphite Walnut/IMG_1171.jpg,142.7105316856681,129.65340880758168,134.36464418907994,0.0
/Users/rishimanimaran/Documents/College/junior-year/fall-2024/cs-3311/JDA-4307-Color-Verification/Images/Walnut/3062 - Graphite Walnut/IMG_1165.jpg,142.9248430709089,129.5482216999454,133.72833855282082,0.0
/Users/rishimanimaran/Documents/College/junior-year/fall-2024/cs-3311/JDA-4307-Color-Verification/Images/Walnut/3062 - Graphite Walnut/IMG_1429.jpg,138.753314587795,129.57528380758168,133.21111711466995,0.0
/Users/rishimanimaran/Documents/College/junior-year/fall-2024/cs-3311/JDA-4307-Color-Verification/Images/Walnut/3062 - Graphite Walnut/IMG_1373.jpg,113.81708017408353,129.80757601555283,136.03884056516125,0.0
/Users/rishimanimaran/Documents/College/junior-year/fall-2024/cs-3311/JDA-4307-Color-Verification/Images/Walnut/3062 - Graphite Walnut/IMG_1415.jpg,138.99410929495255,130.29630671230683,136.3934064028775,0.0
/Users/rishimanimaran/Documents/College/junior-year/fall-2024/cs-3311/JDA-4307-Color-Verification/Images/Walnut/3062 - Graphite Walnut/IMG_1401.jpg,139.22611247913517,129.81429171784455,134.24265244774608,0.0
/Users/rishimanimaran/Documents/College/junior-year/fall-2024/cs-3311/JDA-4307-Color-Verification/Images/Walnut/3062 - Graphite Walnut/IMG_1367.jpg,100.68340962445936,129.81906274276685,134.77700379438042,0.0
/Users/rishimanimaran/Documents/College/junior-year/fall-2024/cs-3311/JDA-4307-Color-Verification/Images/Walnut/3062 - Graphite Walnut/IMG_1398.jpg,124.30698115473041,131.270899028014,140.87120069864366,0.0
/Users/rishimanimaran/Documents/College/junior-year/fall-2024/cs-3311/JDA-4307-Color-Verification/Images/Walnut/3062 - Graphite Walnut/IMG_1417.jpg,139.85091408283992,130.39102909199946,135.97965195433883,0.0
/Users/rishimanimaran/Documents/College/junior-year/fall-2024/cs-3311/JDA-4307-Color-Verification/Images/Walnut/3062 - Graphite Walnut/IMG_1371.jpg,113.20455059917485,129.8470649158583,136.0417749275636,0.0
/Users/rishimanimaran/Documents/College/junior-year/fall-2024/cs-3311/JDA-4307-Color-Verification/Images/Walnut/3062 - Graphite Walnut/IMG_1365.jpg,116.27211327239229,129.026563287352,134.0028667813576,0.0
/Users/rishimanimaran/Documents/College/junior-year/fall-2024/cs-3311/JDA-4307-Color-Verification/Images/Walnut/3062 - Graphite Walnut/IMG_1403.jpg,138.04182544931552,129.74006287989732,133.9258785207756,0.0
/Users/rishimanimaran/Documents/College/junior-year/fall-2024/cs-3311/JDA-4307-Color-Verification/Images/Walnut/3062 - Graphite Walnut/IMG_1359.jpg,127.72316950507054,129.69807471117306,137.29040961002457,0.0
/Users/rishimanimaran/Documents/College/junior-year/fall-2024/cs-3311/JDA-4307-Color-Verification/Images/Walnut/3062 - Graphite Walnut/IMG_1198.jpg,118.7117187007905,131.49414013290502,139.81066776633492,0.0
/Users/rishimanimaran/Documents/College/junior-year/fall-2024/cs-3311/JDA-4307-Color-Verification/Images/Walnut/3062 - Graphite Walnut/IMG_1173.jpg,144.6334422175506,129.27783117008377,133.38059003501093,0.0
/Users/rishimanimaran/Documents/College/junior-year/fall-2024/cs-3311/JDA-4307-Color-Verification/Images/Walnut/3062 - Graphite Walnut/IMG_1167.jpg,141.2064601737686,130.12756020618124,135.8627155047976,0.0
/Users/rishimanimaran/Documents/College/junior-year/fall-2024/cs-3311/JDA-4307-Color-Verification/Images/Walnut/3062 - Graphite Walnut/IMG_1205.jpg,124.67730288971299,130.6716442074515,138.20357157619992,0.0
/Users/rishimanimaran/Documents/College/junior-year/fall-2024/cs-3311/JDA-4307-Color-Verification/Images/Walnut/3062 - Graphite Walnut/IMG_1211.jpg,117.70246469054443,130.78467186450197,138.5475385900888,0.0
/Users/rishimanimaran/Documents/College/junior-year/fall-2024/cs-3311/JDA-4307-Color-Verification/Images/Walnut/3062 - Graphite Walnut/IMG_1239.jpg,113.34311979035441,129.13230432991097,135.19362814087827,0.0
/Users/rishimanimaran/Documents/College/junior-year/fall-2024/cs-3311/JDA-4307-Color-Verification/Images/Walnut/3062 - Graphite Walnut/IMG_1238.jpg,113.27944532365416,131.7455840216102,143.27898874152285,0.0
/Users/rishimanimaran/Documents/College/junior-year/fall-2024/cs-3311/JDA-4307-Color-Verification/Images/Walnut/3062 - Graphite Walnut/IMG_1210.jpg,100.20545523379104,130.32573850334887,137.6287468112245,0.0
/Users/rishimanimaran/Documents/College/junior-year/fall-2024/cs-3311/JDA-4307-Color-Verification/Images/Walnut/3062 - Graphite Walnut/IMG_1204.jpg,123.67785977720564,127.87605242714369,133.3662423495633,0.0
/Users/rishimanimaran/Documents/College/junior-year/fall-2024/cs-3311/JDA-4307-Color-Verification/Images/Walnut/3062 - Graphite Walnut/IMG_1166.jpg,143.50500304770827,129.36265186051273,132.74898538215442,0.0
/Users/rishimanimaran/Documents/College/junior-year/fall-2024/cs-3311/JDA-4307-Color-Verification/Images/Walnut/3062 - Graphite Walnut/IMG_1172.jpg,142.85266184019903,129.75328038719346,135.21148626792538,0.0
/Users/rishimanimaran/Documents/College/junior-year/fall-2024/cs-3311/JDA-4307-Color-Verification/Images/Walnut/3062 - Graphite Walnut/IMG_1199.jpg,110.24862336427627,131.84398095658017,140.7302710098314,0.0
/Users/rishimanimaran/Documents/College/junior-year/fall-2024/cs-3311/JDA-4307-Color-Verification/Images/Walnut/3062 - Graphite Walnut/IMG_1358.jpg,128.3262524965619,129.91082599127614,137.6626804512314,0.0
/Users/rishimanimaran/Documents/College/junior-year/fall-2024/cs-3311/JDA-4307-Color-Verification/Images/Walnut/3062 - Graphite Walnut/IMG_1364.jpg,114.879237265894,128.71635923852565,134.08817169325292,0.0
/Users/rishimanimaran/Documents/College/junior-year/fall-2024/cs-3311/JDA-4307-Color-Verification/Images/Walnut/3062 - Graphite Walnut/IMG_1402.jpg,138.33625244079113,129.5638310349217,133.10921761162027,0.0
/Users/rishimanimaran/Documents/College/junior-year/fall-2024/cs-3311/JDA-4307-Color-Verification/Images/Walnut/3062 - Graphite Walnut/IMG_1416.jpg,140.1024340822363,130.33771125637756,136.5628513558201,0.0
/Users/rishimanimaran/Documents/College/junior-year/fall-2024/cs-3311/JDA-4307-Color-Verification/Images/Walnut/3062 - Graphite Walnut/IMG_1370.jpg,112.44640306450512,129.87446509275006,136.04770860890653,0.0
/Users/rishimanimaran/Documents/College/junior-year/fall-2024/cs-3311/JDA-4307-Color-Verification/Images/Walnut/3062 - Graphite Walnut/IMG_0974.jpg,146.57619590563849,130.005439535961,136.30938512075355,0.0
/Users/rishimanimaran/Documents/College/junior-year/fall-2024/cs-3311/JDA-4307-Color-Verification/Images/Walnut/3062 - Graphite Walnut/IMG_0960.jpg,144.74580784281306,130.03123777964117,136.1785965254157,0.0
/Users/rishimanimaran/Documents/College/junior-year/fall-2024/cs-3311/JDA-4307-Color-Verification/Images/Walnut/3062 - Graphite Walnut/IMG_1459.jpg,138.32629211020827,129.67080157680357,133.62712593235597,0.0
/Users/rishimanimaran/Documents/College/junior-year/fall-2024/cs-3311/JDA-4307-Color-Verification/Images/Walnut/3062 - Graphite Walnut/IMG_1471.jpg,142.3412493373121,129.65361384715922,133.39370133180586,0.0
/Users/rishimanimaran/Documents/College/junior-year/fall-2024/cs-3311/JDA-4307-Color-Verification/Images/Walnut/3062 - Graphite Walnut/IMG_1317.jpg,118.09706680222243,134.20790488263208,147.33665317014152,0.0
/Users/rishimanimaran/Documents/College/junior-year/fall-2024/cs-3311/JDA-4307-Color-Verification/Images/Walnut/3062 - Graphite Walnut/IMG_1303.jpg,139.53411727345258,129.47695305938734,133.43902836501113,0.0
/Users/rishimanimaran/Documents/College/junior-year/fall-2024/cs-3311/JDA-4307-Color-Verification/Images/Walnut/3062 - Graphite Walnut/IMG_1465.jpg,137.26791849069875,129.86608971810173,134.1233870766671,0.0
/Users/rishimanimaran/Documents/College/junior-year/fall-2024/cs-3311/JDA-4307-Color-Verification/Images/Walnut/3062 - Graphite Walnut/IMG_1288.jpg,139.5488000755858,129.67666751307004,133.66656357276707,0.0
/Users/rishimanimaran/Documents/College/junior-year/fall-2024/cs-3311/JDA-4307-Color-Verification/Images/Walnut/3062 - Graphite Walnut/IMG_1539.jpg,115.17923854534098,126.91649008658247,132.20455757052048,0.0
/Users/rishimanimaran/Documents/College/junior-year/fall-2024/cs-3311/JDA-4307-Color-Verification/Images/Walnut/3062 - Graphite Walnut/IMG_1505.jpg,113.33782148565444,129.71517140324494,137.42685106449989,0.0
/Users/rishimanimaran/Documents/College/junior-year/fall-2024/cs-3311/JDA-4307-Color-Verification/Images/Walnut/3062 - Graphite Walnut/IMG_1263.jpg,129.09271914301985,133.11785059799382,142.34589496002877,0.0
/Users/rishimanimaran/Documents/College/junior-year/fall-2024/cs-3311/JDA-4307-Color-Verification/Images/Walnut/3062 - Graphite Walnut/IMG_1277.jpg,151.73940806550243,130.12716546398653,135.31821412496325,0.0
/Users/rishimanimaran/Documents/College/junior-year/fall-2024/cs-3311/JDA-4307-Color-Verification/Images/Walnut/3062 - Graphite Walnut/IMG_1511.jpg,125.61033081249475,128.56476831183863,134.50341579533048,0.0
/Users/rishimanimaran/Documents/College/junior-year/fall-2024/cs-3311/JDA-4307-Color-Verification/Images/Walnut/3062 - Graphite Walnut/IMG_1276.jpg,125.82162819796129,130.70746634398358,139.7336778654363,0.0
/Users/rishimanimaran/Documents/College/junior-year/fall-2024/cs-3311/JDA-4307-Color-Verification/Images/Walnut/3062 - Graphite Walnut/IMG_1510.jpg,135.305024831113,127.94092071628035,132.88965286635488,0.0
/Users/rishimanimaran/Documents/College/junior-year/fall-2024/cs-3311/JDA-4307-Color-Verification/Images/Walnut/3062 - Graphite Walnut/IMG_1504.jpg,137.8059934380774,130.42197169666477,141.1883866731492,0.0
/Users/rishimanimaran/Documents/College/junior-year/fall-2024/cs-3311/JDA-4307-Color-Verification/Images/Walnut/3062 - Graphite Walnut/IMG_1262.jpg,127.8733831399072,132.04774756642627,141.1005719127929,0.0
/Users/rishimanimaran/Documents/College/junior-year/fall-2024/cs-3311/JDA-4307-Color-Verification/Images/Walnut/3062 - Graphite Walnut/IMG_1538.jpg,116.42794417149575,127.42578617094986,133.10429543152136,0.0
/Users/rishimanimaran/Documents/College/junior-year/fall-2024/cs-3311/JDA-4307-Color-Verification/Images/Walnut/3062 - Graphite Walnut/IMG_1289.jpg,137.92174065806879,129.09137752805597,132.17011600647203,0.0
/Users/rishimanimaran/Documents/College/junior-year/fall-2024/cs-3311/JDA-4307-Color-Verification/Images/Walnut/3062 - Graphite Walnut/IMG_1302.jpg,139.35448759461346,130.13300556526622,135.3345490539966,0.0
/Users/rishimanimaran/Documents/College/junior-year/fall-2024/cs-3311/JDA-4307-Color-Verification/Images/Walnut/3062 - Graphite Walnut/IMG_1464.jpg,134.5613288959488,129.51774584737444,133.55027168564186,0.0
/Users/rishimanimaran/Documents/College/junior-year/fall-2024/cs-3311/JDA-4307-Color-Verification/Images/Walnut/3062 - Graphite Walnut/IMG_1470.jpg,142.32764471529353,129.45061785806143,133.3722207295341,0.0
/Users/rishimanimaran/Documents/College/junior-year/fall-2024/cs-3311/JDA-4307-Color-Verification/Images/Walnut/3062 - Graphite Walnut/IMG_1316.jpg,118.17632845962459,134.37402220726253,147.14898782622618,0.0
/Users/rishimanimaran/Documents/College/junior-year/fall-2024/cs-3311/JDA-4307-Color-Verification/Images/Walnut/3062 - Graphite Walnut/IMG_1458.jpg,138.24960853843854,129.77231995228647,133.79554724571156,0.0
/Users/rishimanimaran/Documents/College/junior-year/fall-2024/cs-3311/JDA-4307-Color-Verification/Images/Walnut/3062 - Graphite Walnut/IMG_0961.jpg,140.05323680398084,130.3967730707252,136.7508724023946,0.0
/Users/rishimanimaran/Documents/College/junior-year/fall-2024/cs-3311/JDA-4307-Color-Verification/Images/Walnut/3062 - Graphite Walnut/IMG_0975.jpg,149.42080657976925,130.0518025111279,136.05562403877445,0.0
/Users/rishimanimaran/Documents/College/junior-year/fall-2024/cs-3311/JDA-4307-Color-Verification/Images/Walnut/3062 - Graphite Walnut/IMG_0949.jpg,142.4986752802973,129.61883388579196,133.62683461212418,0.0
/Users/rishimanimaran/Documents/College/junior-year/fall-2024/cs-3311/JDA-4307-Color-Verification/Images/Walnut/3062 - Graphite Walnut/IMG_1499.jpg,142.40099245716806,129.53907545850132,133.3782990047871,0.0
/Users/rishimanimaran/Documents/College/junior-year/fall-2024/cs-3311/JDA-4307-Color-Verification/Images/Walnut/3062 - Graphite Walnut/IMG_0963.jpg,133.4998321956097,129.52197064686214,133.01447193943164,0.0
/Users/rishimanimaran/Documents/College/junior-year/fall-2024/cs-3311/JDA-4307-Color-Verification/Images/Walnut/3062 - Graphite Walnut/IMG_0977.jpg,141.05688790273052,129.7909220449368,135.1684855317513,0.0
/Users/rishimanimaran/Documents/College/junior-year/fall-2024/cs-3311/JDA-4307-Color-Verification/Images/Walnut/3062 - Graphite Walnut/IMG_1328.jpg,119.68187609245086,134.08249267106535,145.7484069244982,0.0
/Users/rishimanimaran/Documents/College/junior-year/fall-2024/cs-3311/JDA-4307-Color-Verification/Images/Walnut/3062 - Graphite Walnut/IMG_1466.jpg,140.15911423886683,129.63382039254745,133.78937055146133,0.0
/Users/rishimanimaran/Documents/College/junior-year/fall-2024/cs-3311/JDA-4307-Color-Verification/Images/Walnut/3062 - Graphite Walnut/IMG_1300.jpg,134.466311505312,130.29842911798207,136.71485113142478,0.0
/Users/rishimanimaran/Documents/College/junior-year/fall-2024/cs-3311/JDA-4307-Color-Verification/Images/Walnut/3062 - Graphite Walnut/IMG_1314.jpg,117.2548220387692,134.46831080522486,147.15496161331043,0.0
/Users/rishimanimaran/Documents/College/junior-year/fall-2024/cs-3311/JDA-4307-Color-Verification/Images/Walnut/3062 - Graphite Walnut/IMG_1472.jpg,138.88688015715545,129.4988592418063,133.2807164870192,0.0
/Users/rishimanimaran/Documents/College/junior-year/fall-2024/cs-3311/JDA-4307-Color-Verification/Images/Walnut/3062 - Graphite Walnut/IMG_1248.jpg,127.07396728946208,129.01820456191737,134.63913641266691,0.0
/Users/rishimanimaran/Documents/College/junior-year/fall-2024/cs-3311/JDA-4307-Color-Verification/Images/Walnut/3062 - Graphite Walnut/IMG_1512.jpg,119.99567784772088,128.64044259679181,134.7237277048165,0.0
/Users/rishimanimaran/Documents/College/junior-year/fall-2024/cs-3311/JDA-4307-Color-Verification/Images/Walnut/3062 - Graphite Walnut/IMG_1274.jpg,125.40965603544659,130.9804092885225,139.6170259288129,0.0
/Users/rishimanimaran/Documents/College/junior-year/fall-2024/cs-3311/JDA-4307-Color-Verification/Images/Walnut/3062 - Graphite Walnut/IMG_1260.jpg,127.44489799199,128.92665398045793,134.5192922558684,0.0
/Users/rishimanimaran/Documents/College/junior-year/fall-2024/cs-3311/JDA-4307-Color-Verification/Images/Walnut/3062 - Graphite Walnut/IMG_1506.jpg,112.78843844154174,128.97957723791677,135.98509624721802,0.0
/Users/rishimanimaran/Documents/College/junior-year/fall-2024/cs-3311/JDA-4307-Color-Verification/Images/Walnut/3062 - Graphite Walnut/IMG_1261.jpg,129.8379997880711,128.48186613572898,136.6868520749349,0.0
/Users/rishimanimaran/Documents/College/junior-year/fall-2024/cs-3311/JDA-4307-Color-Verification/Images/Walnut/3062 - Graphite Walnut/IMG_1507.jpg,125.041743679532,126.67471307581674,130.3305701379703,0.0
/Users/rishimanimaran/Documents/College/junior-year/fall-2024/cs-3311/JDA-4307-Color-Verification/Images/Walnut/3062 - Graphite Walnut/IMG_1513.jpg,116.68774604749306,128.30476377472286,133.299981841695,0.0
/Users/rishimanimaran/Documents/College/junior-year/fall-2024/cs-3311/JDA-4307-Color-Verification/Images/Walnut/3062 - Graphite Walnut/IMG_1275.jpg,123.41386599006887,130.85552115811603,139.9265075001837,0.0
/Users/rishimanimaran/Documents/College/junior-year/fall-2024/cs-3311/JDA-4307-Color-Verification/Images/Walnut/3062 - Graphite Walnut/IMG_1249.jpg,123.57622657955929,128.67790947879922,136.1446432836252,0.0
/Users/rishimanimaran/Documents/College/junior-year/fall-2024/cs-3311/JDA-4307-Color-Verification/Images/Walnut/3062 - Graphite Walnut/IMG_1315.jpg,116.70404111683254,134.4084973978017,147.08766122672063,0.0
/Users/rishimanimaran/Documents/College/junior-year/fall-2024/cs-3311/JDA-4307-Color-Verification/Images/Walnut/3062 - Graphite Walnut/IMG_1473.jpg,142.72706722542412,129.114293243339,132.53207130653186,0.0
/Users/rishimanimaran/Documents/College/junior-year/fall-2024/cs-3311/JDA-4307-Color-Verification/Images/Walnut/3062 - Graphite Walnut/IMG_1467.jpg,138.86033843996702,129.0847100510729,131.82906785399345,0.0
/Users/rishimanimaran/Documents/College/junior-year/fall-2024/cs-3311/JDA-4307-Color-Verification/Images/Walnut/3062 - Graphite Walnut/IMG_1301.jpg,138.45246920141514,129.57799533297114,133.67267161976673,0.0
/Users/rishimanimaran/Documents/College/junior-year/fall-2024/cs-3311/JDA-4307-Color-Verification/Images/Walnut/3062 - Graphite Walnut/IMG_1329.jpg,121.28172413351915,134.05599647266314,145.74808739082053,0.0
/Users/rishimanimaran/Documents/College/junior-year/fall-2024/cs-3311/JDA-4307-Color-Verification/Images/Walnut/3062 - Graphite Walnut/IMG_0976.jpg,139.8986177707966,129.9899089361825,135.69294872173407,0.0
/Users/rishimanimaran/Documents/College/junior-year/fall-2024/cs-3311/JDA-4307-Color-Verification/Images/Walnut/3062 - Graphite Walnut/IMG_0962.jpg,143.45841461102188,129.63463891054107,134.8298074727576,0.0
/Users/rishimanimaran/Documents/College/junior-year/fall-2024/cs-3311/JDA-4307-Color-Verification/Images/Walnut/3062 - Graphite Walnut/IMG_1498.jpg,142.75363428550432,129.707587481366,134.01637569090136,0.0
/Users/rishimanimaran/Documents/College/junior-year/fall-2024/cs-3311/JDA-4307-Color-Verification/Images/Walnut/3062 - Graphite Walnut/IMG_0966.jpg,143.357173859127,128.8457552050527,133.22883458456684,0.0
/Users/rishimanimaran/Documents/College/junior-year/fall-2024/cs-3311/JDA-4307-Color-Verification/Images/Walnut/3062 - Graphite Walnut/IMG_0972.jpg,141.77730479248027,129.37258045096897,133.40741298448393,0.0
/Users/rishimanimaran/Documents/College/junior-year/fall-2024/cs-3311/JDA-4307-Color-Verification/Images/Walnut/3062 - Graphite Walnut/IMG_1488.jpg,140.82168257445724,129.67906089905097,133.77932623666752,0.0
/Users/rishimanimaran/Documents/College/junior-year/fall-2024/cs-3311/JDA-4307-Color-Verification/Images/Walnut/3062 - Graphite Walnut/IMG_1305.jpg,122.33993716603153,129.89307481287267,134.29120959244037,0.0
/Users/rishimanimaran/Documents/College/junior-year/fall-2024/cs-3311/JDA-4307-Color-Verification/Images/Walnut/3062 - Graphite Walnut/IMG_1463.jpg,138.6199384750042,129.51795072292035,133.46497833797872,0.0
/Users/rishimanimaran/Documents/College/junior-year/fall-2024/cs-3311/JDA-4307-Color-Verification/Images/Walnut/3062 - Graphite Walnut/IMG_1477.jpg,145.10397015673553,128.9981166704722,132.48069544175695,0.0
/Users/rishimanimaran/Documents/College/junior-year/fall-2024/cs-3311/JDA-4307-Color-Verification/Images/Walnut/3062 - Graphite Walnut/IMG_1311.jpg,119.60684440153376,134.14419506710863,145.42653472943962,0.0
/Users/rishimanimaran/Documents/College/junior-year/fall-2024/cs-3311/JDA-4307-Color-Verification/Images/Walnut/3062 - Graphite Walnut/IMG_1339.jpg,119.13750101699631,133.95857101521165,145.6985659860009,0.0
/Users/rishimanimaran/Documents/College/junior-year/fall-2024/cs-3311/JDA-4307-Color-Verification/Images/Walnut/3062 - Graphite Walnut/IMG_1271.jpg,131.12897801385213,127.74345308628853,132.25119792322792,0.0
/Users/rishimanimaran/Documents/College/junior-year/fall-2024/cs-3311/JDA-4307-Color-Verification/Images/Walnut/3062 - Graphite Walnut/IMG_1517.jpg,115.52815652688544,128.2708652374916,135.5111029751407,0.0
/Users/rishimanimaran/Documents/College/junior-year/fall-2024/cs-3311/JDA-4307-Color-Verification/Images/Walnut/3062 - Graphite Walnut/IMG_1503.jpg,118.76853894046045,131.37071221235408,142.08348957349142,0.0
/Users/rishimanimaran/Documents/College/junior-year/fall-2024/cs-3311/JDA-4307-Color-Verification/Images/Walnut/3062 - Graphite Walnut/IMG_1265.jpg,125.6052482914462,132.73968117821974,142.26943463535105,0.0
/Users/rishimanimaran/Documents/College/junior-year/fall-2024/cs-3311/JDA-4307-Color-Verification/Images/Walnut/3062 - Graphite Walnut/IMG_1259.jpg,112.44773245911018,129.35828254913076,137.29723947835308,0.0
/Users/rishimanimaran/Documents/College/junior-year/fall-2024/cs-3311/JDA-4307-Color-Verification/Images/Walnut/3062 - Graphite Walnut/IMG_1258.jpg,110.68466643505396,128.5518448312967,136.95734881529773,0.0
/Users/rishimanimaran/Documents/College/junior-year/fall-2024/cs-3311/JDA-4307-Color-Verification/Images/Walnut/3062 - Graphite Walnut/IMG_1502.jpg,118.30288388985996,131.94764929505752,142.05622595295836,0.0
/Users/rishimanimaran/Documents/College/junior-year/fall-2024/cs-3311/JDA-4307-Color-Verification/Images/Walnut/3062 - Graphite Walnut/IMG_1264.jpg,128.6019075406011,133.033037124958,142.3367515071229,0.0
/Users/rishimanimaran/Documents/College/junior-year/fall-2024/cs-3311/JDA-4307-Color-Verification/Images/Walnut/3062 - Graphite Walnut/IMG_1270.jpg,126.29160400657176,126.8546795936739,130.21489353360943,0.0
/Users/rishimanimaran/Documents/College/junior-year/fall-2024/cs-3311/JDA-4307-Color-Verification/Images/Walnut/3062 - Graphite Walnut/IMG_1516.jpg,117.20982708766377,128.09067178183003,135.2809737706811,0.0
/Users/rishimanimaran/Documents/College/junior-year/fall-2024/cs-3311/JDA-4307-Color-Verification/Images/Walnut/3062 - Graphite Walnut/IMG_1338.jpg,119.87892191502372,134.1429141438597,145.81221097621147,0.0
/Users/rishimanimaran/Documents/College/junior-year/fall-2024/cs-3311/JDA-4307-Color-Verification/Images/Walnut/3062 - Graphite Walnut/IMG_1476.jpg,140.0411324975592,129.20091672374969,133.0901544259679,0.0
/Users/rishimanimaran/Documents/College/junior-year/fall-2024/cs-3311/JDA-4307-Color-Verification/Images/Walnut/3062 - Graphite Walnut/IMG_1310.jpg,118.62784767166897,134.58275914050034,146.74802218823487,0.0
/Users/rishimanimaran/Documents/College/junior-year/fall-2024/cs-3311/JDA-4307-Color-Verification/Images/Walnut/3062 - Graphite Walnut/IMG_1304.jpg,127.87009282879819,129.02452650620432,133.26255367115982,0.0
/Users/rishimanimaran/Documents/College/junior-year/fall-2024/cs-3311/JDA-4307-Color-Verification/Images/Walnut/3062 - Graphite Walnut/IMG_1462.jpg,135.02790695271165,129.8443875910704,134.3264864877278,0.0
/Users/rishimanimaran/Documents/College/junior-year/fall-2024/cs-3311/JDA-4307-Color-Verification/Images/Walnut/3062 - Graphite Walnut/IMG_1489.jpg,142.8800155141146,129.66868007330248,133.882795030628,0.0
/Users/rishimanimaran/Documents/College/junior-year/fall-2024/cs-3311/JDA-4307-Color-Verification/Images/Walnut/3062 - Graphite Walnut/IMG_0973.jpg,153.28252042522257,130.0213628275384,136.77041677492755,0.0
/Users/rishimanimaran/Documents/College/junior-year/fall-2024/cs-3311/JDA-4307-Color-Verification/Images/Walnut/3062 - Graphite Walnut/IMG_0967.jpg,141.10769006676745,129.7507341237035,134.87358711327894,0.0
/Users/rishimanimaran/Documents/College/junior-year/fall-2024/cs-3311/JDA-4307-Color-Verification/Images/Walnut/3062 - Graphite Walnut/IMG_0971.jpg,142.42116482491917,128.9909891666929,132.75389484979948,0.0
/Users/rishimanimaran/Documents/College/junior-year/fall-2024/cs-3311/JDA-4307-Color-Verification/Images/Walnut/3062 - Graphite Walnut/IMG_0965.jpg,142.88983133280317,129.1930328699767,132.99475057673533,0.0
/Users/rishimanimaran/Documents/College/junior-year/fall-2024/cs-3311/JDA-4307-Color-Verification/Images/Walnut/3062 - Graphite Walnut/IMG_0959.jpg,142.1149430547682,129.8041397162646,134.71020354032817,0.0
/Users/rishimanimaran/Documents/College/junior-year/fall-2024/cs-3311/JDA-4307-Color-Verification/Images/Walnut/3062 - Graphite Walnut/IMG_1312.jpg,119.54650035168389,133.68030089640024,145.04087004689993,0.0
/Users/rishimanimaran/Documents/College/junior-year/fall-2024/cs-3311/JDA-4307-Color-Verification/Images/Walnut/3062 - Graphite Walnut/IMG_1474.jpg,136.13441418716405,129.49603535472832,133.20438935605105,0.0
/Users/rishimanimaran/Documents/College/junior-year/fall-2024/cs-3311/JDA-4307-Color-Verification/Images/Walnut/3062 - Graphite Walnut/IMG_1460.jpg,141.24437888098913,130.25279673983792,136.063867778014,0.0
/Users/rishimanimaran/Documents/College/junior-year/fall-2024/cs-3311/JDA-4307-Color-Verification/Images/Walnut/3062 - Graphite Walnut/IMG_1306.jpg,135.74529417766334,130.23635141749602,136.08197515117158,0.0
/Users/rishimanimaran/Documents/College/junior-year/fall-2024/cs-3311/JDA-4307-Color-Verification/Images/Walnut/3062 - Graphite Walnut/IMG_1448.jpg,139.40227362646448,129.6085684563177,133.27294852161543,0.0
/Users/rishimanimaran/Documents/College/junior-year/fall-2024/cs-3311/JDA-4307-Color-Verification/Images/Walnut/3062 - Graphite Walnut/IMG_1299.jpg,139.07581518815087,130.45295407900815,136.69601480156106,0.0
/Users/rishimanimaran/Documents/College/junior-year/fall-2024/cs-3311/JDA-4307-Color-Verification/Images/Walnut/3062 - Graphite Walnut/IMG_1266.jpg,110.6900022209887,129.9627386496651,139.75002066798942,0.0
/Users/rishimanimaran/Documents/College/junior-year/fall-2024/cs-3311/JDA-4307-Color-Verification/Images/Walnut/3062 - Graphite Walnut/IMG_1500.jpg,144.51729369409802,129.54347774024734,133.8848536279867,0.0
/Users/rishimanimaran/Documents/College/junior-year/fall-2024/cs-3311/JDA-4307-Color-Verification/Images/Walnut/3062 - Graphite Walnut/IMG_1514.jpg,114.41569732155979,128.29327130640064,135.10742244911083,0.0
/Users/rishimanimaran/Documents/College/junior-year/fall-2024/cs-3311/JDA-4307-Color-Verification/Images/Walnut/3062 - Graphite Walnut/IMG_1272.jpg,131.68156902517953,128.95787740732868,135.50032634099165,0.0
/Users/rishimanimaran/Documents/College/junior-year/fall-2024/cs-3311/JDA-4307-Color-Verification/Images/Walnut/3062 - Graphite Walnut/IMG_1528.jpg,118.1987087755627,127.40254690321345,133.4008990411365,0.0
/Users/rishimanimaran/Documents/College/junior-year/fall-2024/cs-3311/JDA-4307-Color-Verification/Images/Walnut/3062 - Graphite Walnut/IMG_1529.jpg,117.27929941749076,126.95469248656252,132.92482945628097,0.0
/Users/rishimanimaran/Documents/College/junior-year/fall-2024/cs-3311/JDA-4307-Color-Verification/Images/Walnut/3062 - Graphite Walnut/IMG_1515.jpg,116.4251443970721,128.1274987763238,134.75122072362896,0.0
/Users/rishimanimaran/Documents/College/junior-year/fall-2024/cs-3311/JDA-4307-Color-Verification/Images/Walnut/3062 - Graphite Walnut/IMG_1273.jpg,127.77761546844818,130.15584492381058,137.4926348143424,0.0
/Users/rishimanimaran/Documents/College/junior-year/fall-2024/cs-3311/JDA-4307-Color-Verification/Images/Walnut/3062 - Graphite Walnut/IMG_1267.jpg,110.96068694163623,129.684428097049,139.40814136707925,0.0
/Users/rishimanimaran/Documents/College/junior-year/fall-2024/cs-3311/JDA-4307-Color-Verification/Images/Walnut/3062 - Graphite Walnut/IMG_1501.jpg,142.47854301828755,129.49241279748782,133.28732327228732,0.0
/Users/rishimanimaran/Documents/College/junior-year/fall-2024/cs-3311/JDA-4307-Color-Verification/Images/Walnut/3062 - Graphite Walnut/IMG_1298.jpg,138.2649077715577,129.78792272599625,133.96004606993262,0.0
/Users/rishimanimaran/Documents/College/junior-year/fall-2024/cs-3311/JDA-4307-Color-Verification/Images/Walnut/3062 - Graphite Walnut/IMG_1449.jpg,138.8847680034591,130.13895089285714,135.8583976173417,0.0
/Users/rishimanimaran/Documents/College/junior-year/fall-2024/cs-3311/JDA-4307-Color-Verification/Images/Walnut/3062 - Graphite Walnut/IMG_1461.jpg,138.36678472025383,129.9568039021164,134.81103847789115,0.0
/Users/rishimanimaran/Documents/College/junior-year/fall-2024/cs-3311/JDA-4307-Color-Verification/Images/Walnut/3062 - Graphite Walnut/IMG_1307.jpg,129.5972782390348,132.60636132828904,142.99826749758546,0.0
/Users/rishimanimaran/Documents/College/junior-year/fall-2024/cs-3311/JDA-4307-Color-Verification/Images/Walnut/3062 - Graphite Walnut/IMG_1313.jpg,120.02454167913308,133.86028160299614,145.927830005459,0.0
/Users/rishimanimaran/Documents/College/junior-year/fall-2024/cs-3311/JDA-4307-Color-Verification/Images/Walnut/3062 - Graphite Walnut/IMG_1475.jpg,137.38275467883912,129.5352850148547,133.27568579997586,0.0
/Users/rishimanimaran/Documents/College/junior-year/fall-2024/cs-3311/JDA-4307-Color-Verification/Images/Walnut/3062 - Graphite Walnut/IMG_0958.jpg,148.65517198391703,129.1462718719818,132.9878170403964,0.0
/Users/rishimanimaran/Documents/College/junior-year/fall-2024/cs-3311/JDA-4307-Color-Verification/Images/Walnut/3062 - Graphite Walnut/IMG_0964.jpg,137.52301938329344,130.17630557720773,135.70274190405328,0.0
/Users/rishimanimaran/Documents/College/junior-year/fall-2024/cs-3311/JDA-4307-Color-Verification/Images/Walnut/3062 - Graphite Walnut/IMG_0970.jpg,142.2787715636023,129.6423867820662,134.48659910530571,0.0
